indikator,ordning,decimaler,kalla,namn,titel
1,,1,"Befolkningsstatistik, Statistiska centralbyrån","Återstående medellivslängd","Beräknad återstående medellivslängd vid födseln"
2,,1,"Dödsorsaksregistret, Socialstyrelsen","Hälsopolitiskt åtgärdbar dödlighet","Hälsopolitiskt åtgärdbar dödlighet – dödsfall per 100 000 invånare 1-79 år. Åldersstandardiserade värden"
3,,1,"Dödsorsaksregistret, Socialstyrelsen","Sjukvårdsrelaterad åtgärdbar dödlighet","Sjukvårdsrelaterad åtgärdbar dödlighet – dödsfall per 100 000 invånare 1-79 år. Åldersstandardiserade värden"
4,,1,"Dödsorsaksregistret, Socialstyrelsen","Åtgärdbar dödlighet i ischemisk hjärtsjukdom","Antal dödsfall i ischemisk hjärtsjukdom per 100 000 invånare 1–79 år. Åldersstandardiserade värden"
5,,1,"Dödsorsaksregistret, Socialstyrelsen","Suicid i befolkningen","Antal suicid och dödsfall med oklar avsikt per 100 000 invånare. Åldersstandardiserade värden"
325,,2,"Dödsorsaksregistret och Läkemedelsregistret, Socialstyrelsen","Överdödlighet i hjärt-kärlsjukdom vid diabetes","Dödlighet i hjärt- och kärlsjukdom bland personer med diabetes jämfört med hela befolkningen. Kvotvärde 1,0 innebär att ingen överdödlighet vid diabetes finns. Åldersstandardiserade värden"
99,,1,"Patientregistret och Dödsorsaksregistret, Socialstyrelsen","Dödlighet efter stroke","Andel döda inom 28 dagar efter förstagångsstroke inklusive död utanför sjukhus. Åldersstandardiserade värden"
85,,1,"Patientregistret och Dödsorsaksregistret, Socialstyrelsen","Dödlighet efter hjärtinfarkt","Andel döda inom 28 dagar efter hjärtinfarkt. Åldersstandardiserade värden"
326,,1,"Patientregistret och Dödsorsaksregistret, Socialstyrelsen","Dödlighet efter höftfraktur","Andel döda inom 365 dagar efter förstagångshöftfraktur. Avser personer 50 år eller äldre. Åldersstandardiserade värden"
7,,0,"Patientregistret, Socialstyrelsen","Påverkbar slutenvård  ***GAMLA INDIKATORN***","Antal personer med påverkbara slutenvårdstillfällen per 100 000 invånare. Åldersstandardiserade värden"
328,,2,"Sveriges Kommuner och Landsting","Överbeläggningar","Överbeläggningar per 100 disponibla vårdplatser i den slutna somatiska vården"
329,,0,"Sveriges Kommuner och Landsting","Utskrivningsklara patienter på sjukhus","Antal dygn patienter vårdas på sjukhus som utskrivningsklara per 1 000 invånare. Avser personer 65 år och äldre"
330,,1,"Patientregistret, Socialstyrelsen","Oplanerade återinskrivningar bland äldre","Andel oplanerade återinskrivningar inom 30 dagar vid utvalda diagnoser för patienter 65 år och äldre"
331,,2,"Patientregistret och Dödsorsaksregistret, Socialstyrelsen","Återkommande slutenvård i livets slutskede","Andel döda med två eller fler inskrivningar i slutenvård de sista dagarna i livet"
6,,1,"SoS Alarm","Responstid för ambulans","Mediantid mellan inkommet larmsamtal och ambulansens ankomst vid prio 1-larm"
11,,1,"Sveriges Kommuner och Landsting","Trycksår i sluten vård (grad 2–4)","Andel patienter i sluten vård med minst ett trycksår kategori 2–4"
8,,1,"Sveriges Kommuner och Landsting","Vårdrelaterade infektioner","Andel patienter med vårdrelaterad infektion. Avser patienter i sluten somatisk vård"
332,,1,"NDR - Nationella Diabetesregistret","Rökning vid diabetes (primärvård)","Rökning vid diabetes (primärvård)"
333,,1,"NDR - Nationella Diabetesregistret","Rökning vid diabetes, primärvård","Andel personer som behandlas för diabetes i primärvården och som röker, 18 år eller äldre"
334,,1,"NDR - Nationella Diabetesregistret","Fysisk inaktivitet vid diabetes, primärvård","Andel personer som behandlas för diabetes i primärvården och som är fysiskt inaktiva, 18 år eller äldre"
335,,1,"SWEDEHEART - SEPHIA","Rökstopp efter hjärtinfarkt","Rökstopp efter hjärtinfarkt"
336,,1,"SWEDEHEART - SEPHIA","Fysiskt träningsprogram efter hjärtinfarkt","Andel patienter som erbjudits och deltagit i fysiskt träningsprogram 12-14 månader efter hjärtinfarkt. Avser patienter yngre än 75 år"
337,,1,"Riksstroke - Nationella kvalitetsregistret för stroke","Rökstopp efter stroke","Andel strokepatienter som slutat röka 3 månader efter insjuknandet"
338,,0,"Nationell Patientenkät, Sveriges Kommuner och Landsting","Levnadsvanor vid besök i primärvård","Levnadsvanor vid besök i primärvård  "
9,,1,"Folkhälsomyndigheten","Vaccination av barn (MPR)","Andel barn som vaccinerats mot mässling, påssjuka och röda hund. Avser en årskull barn i 2-årsåldern inskrivna på BVC"
39,,2,"Medicinska födelseregistret, Socialstyrelsen","Tobaksvanor under sen graviditet","Andel kvinnor som röker eller snusar vid 30-32 veckors graviditet. Åldersstandardiserade värden"
40,,1,"Graviditetsregistret - Mödrahälsovård","Screening för riskbruk av alkohol under graviditet","Andel kvinnor som screenats för riskbruk av alkohol under graviditet. Avser kvinnor som födde barn under mätperioden"
339,,1,"Svenska Höftprotesregistret","Artrosskola före höftprotesoperation","Artrosskola före höftprotesoperation"
25,,0,"Hälso- och sjukvårdsbarometern, Sveriges Kommuner och Landsting","Tillgång till den hälso- och sjukvård man behöver","Andel i befolkningen som anser att de har tillgång till den hälso- och sjukvård de behöver"
340,,1,"Hälso- och sjukvårdsbarometern, Sveriges Kommuner och Landsting","Förtroende för sjukvården i sin helhet","Andel i befolkningen som har stort eller mycket stort förtroende för hälso- och sjukvården i sin helhet i sitt landsting/sin region"
26,,0,"Vårdbarometern, Sveriges Kommuner och Landsting","Förtroende för vårdcentraler","Förtroende för vårdcentraler"
27,,0,"Vårdbarometern, Sveriges Kommuner och Landsting","Förtroende för sjukhus","Förtroende för sjukhus"
341,,1,"Hälso- och sjukvårdsbarometern, Sveriges Kommuner och Landsting","Förtroende för att vård ges på lika villkor","Andel i befolkningen som uppfattar att vård ges på lika villkor"
28,,0,"Nationell Patientenkät, Sveriges Kommuner och Landsting","Bemötande vid besök i primärvård","Bemötande vid besök i primärvård"
29,,0,"Nationell Patientenkät, Sveriges Kommuner och Landsting","Information vid besök i primärvård","Information vid besök i primärvård"
30,,0,"Nationell Patientenkät, Sveriges Kommuner och Landsting","Delaktighet vid besök i primärvård","Delaktighet vid besök i primärvård"
31,,1,"Väntetider i Vården, Sveriges Kommuner och Landsting","Läkarbesök inom sju dagar i primärvård","Andel patienter som får läkarbesök inom 7 dagar i primärvård"
32,,1,"Väntetider i Vården, Sveriges Kommuner och Landsting","Primärvårdens tillgänglighet per telefon","Andel besvarade telefonsamtal i primärvården, (enbart enheter med datoriserade telefonsystem)"
33,,1,"Väntetider i Vården, Sveriges Kommuner och Landsting","Besök inom 90 dagar i specialiserad vård","Andel genomförda besök i planerad specialiserad vård inom 90 dagar"
34,,1,"Väntetider i Vården, Sveriges Kommuner och Landsting","Operation inom 90 dagar","Andel operationer/åtgärder i planerad specialiserad somatisk vård inom 90 dagar"
342,,1,"Vårdbarometern, Sveriges Kommuner och Landsting","Upplevd väntetid till vårdcentral","Upplevd väntetid till vårdcentral"
343,,1,"Vårdbarometern, Sveriges Kommuner och Landsting","Upplevd väntetid till till besök och behandling på sjukhus","Upplevd väntetid till till besök och behandling på sjukhus"
344,,1,"Vårdbarometern, Sveriges Kommuner och Landsting","Upplevd telefontillgänglighet till 1177","Upplevd telefontillgänglighet till 1177"
35,,0,"Sveriges Kommuner och Landsting och Statistiska centralbyrån","Landstingens hälso- och sjukvårdskostnad (strukturjusterad)","Landstingens strukturjusterade hälso- och sjukvårdskostnader per invånare. Primärvårdsansluten hemsjukvård, tandvård och omstruktureringskostnader är exkluderade"
35a,,0,"Sveriges Kommuner och Landsting och Statistiska centralbyrån","Extradiagram: Sjukvårdskostn per inv och verksamhet","Extradiagram: Sjukvårdskostn per inv och verksamhet"
500,,0,"Läkemedelsregistret, Socialstyrelsen","XXXXXbortagenExtradiagram: Justerad läkemedelkostnad per invånare","XXXXXbortagenExtradiagram: Justerad läkemedelkostnad per invånare"
36,,0,"Sveriges Kommuner och Landsting, Statistiska centralbyrån samt Patientregistret, Socialstyrelsen","Kostnader per konsumerad DRG-poäng","Landstingens kostnader per konsumerad prestation (DRG-poäng) inom specialiserad somatisk vård"
37,,0,"KPP-databasen, Sveriges Kommuner och Landsting","Kostnad per producerad DRG-poäng","Kostnad per producerad DRG-poäng "
38,,0,"Sveriges Kommuner och Landsting, Statistiska centralbyrån samt Patientregistret, Socialstyrelsen","Kostnad per vårdkontakt i primärvård","Kostnad per vårdkontakt i primärvård"
345,,1,"Abortstatistik, Socialstyrelsen","Tidiga aborter","Tidiga aborter"
41,,2,"Medicinska födelseregistret, Socialstyrelsen","Dödfödda barn","Antal dödfödda barn per 1 000 födda barn"
42,,2,"Medicinska födelseregistret, Socialstyrelsen","Neonatal dödlighet","Antal döda barn inom 28 dygn per 1 000 levande födda barn. Åldersstandardiserade värden"
43,,1,"SNQ - Svenskt Neonatalt Kvalitetsregister","Vårdrelaterade infektioner hos barn i neonatalvård","Vårdrelaterade infektioner hos barn i neonatalvård"
44,,2,"Medicinska födelseregistret, Socialstyrelsen","Hälsotillstånd hos nyfödda (låg Apgar-poäng)","Andel nyfödda med låg (lägre än sju) Apgar-poäng vid mätning fem minuter efter födelsen"
45,,2,"Medicinska födelseregistret, Socialstyrelsen","Bristningar vid förlossning bland förstföderskor","Andel perinealbristningar av grad III och IV vid vaginal förlossning bland förstföderskor. Åldersstandardiserade värden"
46,,1,"Medicinska födelseregistret, Socialstyrelsen","Kejsarsnitt bland förstföderskor","Andel kejsarsnitt vid fullgången graviditet. Avser Robson 1: förstföderskor, graviditetslängd ≥ 37 veckor, enkelbörd, huvudbjudning samt spontan förlossningsstart"
47,,0,"KPP-databasen, Sveriges Kommuner och Landsting","Kostnad per vårdtillfälle vid förlossning","Kostnad per vårdtillfälle vid förlossning"
346,,1,"Nationella kvalitetsregistret inom gynekologisk kirurgi samt Gyn-KvalitetsRegistret","Besvarade enkäter efter operation","Besvarade enkäter efter operation"
347,,1,"Nationella kvalitetsregistret inom gynekologisk kirurgi samt Gyn-KvalitetsRegistret","Läkarbedömning av enkätsvar efter operation","Läkarbedömning av enkätsvar efter operation"
48,,2,"Patientregistret, Socialstyrelsen","Oönskade händelser efter borttagande av livmoder","Oönskade händelser efter hysterektomi"
49,,1,"Nationella kvalitetsregistret inom gynekologisk kirurgi samt Gyn-KvalitetsRegistret","Patientrapporterade komplikationer efter borttagande av livmoder","Patientrapporterade komplikationer efter borttagande av livmoder"
348,,1,"Nationella kvalitetsregistret inom gynekologisk kirurgi samt Gyn-KvalitetsRegistret","Borttagande av livmoder med öppen teknik","Borttagande av livmoder med öppen teknik"
51,,1,"Nationella kvalitetsregistret inom gynekologisk kirurgi samt Gyn-KvalitetsRegistret","Patientrapporterade komplikationer efter framfallsoperation","Patientrapporterade komplikationer efter framfallsoperation"
52,,1,"Nationella kvalitetsregistret inom gynekologisk kirurgi samt Gyn-KvalitetsRegistret","Patientrapporterad förekomst av framfallssymtom efter operation","Patientrapporterad förekomst av framfallssymtom efter operation"
55,,1,"Patientregistret, Socialstyrelsen","Dagkirurgiska operationer vid livmoderframfall","Andel kvinnor som anger att de är kontinenta 1 år efter operation för urininkontinens. Mätperioden avser tid för uppföljning"
53,,1,"Nationella kvalitetsregistret inom gynekologisk kirurgi samt Gyn-KvalitetsRegistret","Patientrapporterade komplikationer efter inkontinensoperation","Patientrapporterade komplikationer efter inkontinensoperation"
54,,1,"Nationella kvalitetsregistret inom gynekologisk kirurgi samt Gyn-KvalitetsRegistret","Patientrapporterad kontinens efter inkontinensoperation","Patientrapporterad kontinens efter inkontinensoperation"
349,,1,"Nationella kvalitetsregistret inom gynekologisk kirurgi samt Gyn-KvalitetsRegistret","Patientrapporterade komplikationer efter adnexoperation","Patientrapporterade komplikationer efter adnexoperation"
350,,1,"Nationella kvalitetsregistret inom gynekologisk kirurgi samt Gyn-KvalitetsRegistret","Adnexoperation med laparoskopisk teknik","Adnexoperation med laparoskopisk teknik"
56,,0,"KPP-databasen, Sveriges Kommuner och Landsting","Kostnad per vårdtillfälle vid borttagande av livmoder","Kostnad per vårdtillfälle vid borttagande av livmoder"
351,,1,"Väntetider i Vården, Sveriges Kommuner och Landsting","Besök inom 90 dagar i kvinnosjukvård","Besök inom 90 dagar i kvinnosjukvård"
352,,1,"Väntetider i Vården, Sveriges Kommuner och Landsting","Operation inom 90 dagar för framfall","Operation inom 90 dagar för framfall"
57,,1,"Svenska Knäprotesregistret","Implantatöverlevnad vid total knäprotesoperation","Implantatöverlevnad vid total knäprotesoperation"
58,,1,"Svenska Höftprotesregistret","Implantatöverlevnad vid total höftprotesoperation","Implantatöverlevnad vid total höftprotesoperation"
59,,2,"Svenska Höftprotesregistret","Omoperation efter total höftprotesoperation","Omoperation efter total höftprotesoperation"
60,,2,"Patientregistret, Socialstyrelsen","Oönskade händelser efter knä- och total höftprotesoperation","Oönskade händelser efter knä- och total höftprotesoperation"
61,,3,"Svenska Höftprotesregistret","Patientrapporterat resultat av total höftprotesoperation","Patientrapporterat resultat av total höftprotesoperation"
62,,1,"Svenska Höftprotesregistret","Patienttillfredsställelse efter total höftprotesoperation","Andel patienter som uppger att de är nöjda 1 år efter total höftprotesoperation. Det redovisade årtalet avser tidpunkt för operation. "
63,,1,"RIKSHÖFT - Nationella höftfrakturregistret","Väntetid inför höftfrakturoperation","Väntetid inför höftfrakturoperation"
64,,1,"Patientregistret, Socialstyrelsen","Protesopereration vid höftfraktur","Andel protesopererade patienter vid höftfraktur. Avser patienter 65 år och äldre. Åldersstandardiserade värden"
65,,1,"Svenska Höftprotesregistret","Implantatöverlevnad vid halvprotesoperation","Implantatöverlevnad vid halvprotesoperation"
66,,0,"RIKSHÖFT - Nationella höftfrakturregistret","Åter till ursprungligt boende efter höftfraktur","Åter till ursprungligt boende efter höftfraktur"
67,,1,"Läkemedelsregistret och Patientregistret, Socialstyrelsen","Läkemedel mot benskörhet efter fraktur","Läkemedel mot benskörhet efter fraktur "
353,,0,"Patientregistret, Socialstyrelsen","Återfrakturer efter fragilitetsfraktur","Antal nya frakturer inom 3 år per 100 000 levnadsår efter förstagångsfraktur. Avser personer 50 år eller äldre. Mätperiod avser tid för första fraktur. Åldersstandardiserade värden"
68,,1,"SWESPINE - Svenska Ryggregistret","Patientrapporterad förbättring e op för spinal stenos","Patientrapporterad förbättring e op för spinal stenos"
69,,1,"SWESPINE - Svenska Ryggregistret","Patientrapporterad förbättring efter operation för diskbråck","Patientrapporterad förbättring efter operation för diskbråck "
71,,2,"Svenska korsbandsregistret","Utbytesoperation inom två år efter korsbandsoperation","Utbytesoperation inom två år efter korsbandsoperation "
354,,1,"Svenska korsbandsregistret","Resultat 2 år efter korsbandsoperation","Resultat 2 år efter korsbandsoperation"
75,,0,"KPP-databasen, Sveriges Kommuner och Landsting","Kostnad per vårdtillfälle vid total höftprotesoperation","Kostnad per vårdtillfälle vid total höftprotesoperation"
76,,0,"KPP-databasen, Sveriges Kommuner och Landsting","Kostnad per vårdtillfälle vid total knäprotesoperation","Kostnad per vårdtillfälle vid total knäprotesoperation"
355,,1,"Väntetider i Vården, Sveriges Kommuner och Landsting","Besök inom 90 dagar - ortopedi","Besök inom 90 dagar - ortopedi"
356,,1,"Väntetider i Vården, Sveriges Kommuner och Landsting","Operation inom 90 dagar - knäprotes","Operation inom 90 dagar - knäprotes"
357,,1,"Väntetider i Vården, Sveriges Kommuner och Landsting","Operation inom 90 dagar - höftprotes","Operation inom 90 dagar - höftprotes"
72,,0,"Svensk Reumatologis Kvalitetsregister","Biologiska läkemedel vid reumatoid artrit","Biologiska läkemedel vid reumatoid artrit"
73,,1,"Svensk Reumatologis Kvalitetsregister","Effekt vid första behandling med biologiskt läkemedel","Effekt vid första behandling med biologiskt läkemedel "
74,,1,"Svensk Reumatologis Kvalitetsregister","Patientrapporterad hälsa vid behandling med biologiskt läkemedel (lägre värde är bättre)","Patientrapporterad hälsa vid behandling med biologiskt läkemedel (lägre värde är bättre)"
358,,1,"Väntetider i Vården, Sveriges Kommuner och Landsting","Besök inom 90 dagar - reumatologisk sjukvård","Besök inom 90 dagar - reumatologisk sjukvård"
77,,1,"NDR - Nationella Diabetesregistret","Blodsockervärde, diabetes i primärvård","Blodsockervärde, diabetes i primärvård"
79,,1,"NDR - Nationella Diabetesregistret","Blodtryckskontroll vid typ 2 diabetes","Blodtryckskontroll vid typ 2 diabetes"
359,,1,"NDR - Nationella Diabetesregistret","Högt blodtryck vid typ 2 diabetes","Högt blodtryck vid typ 2 diabetes"
81,,1,"NDR - Nationella Diabetesregistret","LDL-kolesterol vid typ 2 diabetes","LDL-kolesterol vid typ 2 diabetes"
360,,1,"NDR - Nationella Diabetesregistret","Fotundersökning vid diabetes diabetes i primärvård","Fotundersökning vid diabetes diabetes i primärvård"
361,,1,"NDR - Nationella Diabetesregistret","Ögonbottenundersökning vid diabetes i primärvård","Ögonbottenundersökning vid diabetes i primärvård"
78,,1,"NDR - Nationella Diabetesregistret","Blodsockervärde vid typ 1-diabetes","Blodsockervärde vid typ 1-diabetes"
80,,1,"NDR - Nationella Diabetesregistret","Blodtryckskontroll vid typ 1 diabetes","Blodtryckskontroll vid typ 1 diabetes"
362,,1,"NDR - Nationella Diabetesregistret","Högt blodtryck vid typ 1 diabetes","Högt blodtryck vid typ 1 diabetes"
363,,1,"NDR - Nationella Diabetesregistret","Fotundersökning vid typ 1 diabetes","Fotundersökning vid typ 1 diabetes"
364,,1,"NDR - Nationella Diabetesregistret","Ögonbottenundersökning vid typ 1 diabetes","Ögonbottenundersökning vid typ 1 diabetes"
82,,1,"Nationella Diabetesregistret - SWEDIABKIDS","Blodsockervärde hos barn och unga vid typ 1 diabetes","Blodsockervärde hos barn och unga vid typ 1 diabetes"
365,,1,"Nationella Diabetesregistret - SWEDIABKIDS","Ögonbottenundersökning för barn och unga vid typ 1-diabetes","Ögonbottenundersökning för barn och unga vid typ 1-diabetes"
84,,1,"Svenskt register för hjärt-lungräddning","Överlevnad vid hjärtstopp utanför sjukhus","Överlevnad vid hjärtstopp utanför sjukhus"
86,,1,"Patientregistret och Dödsorsaksregistret, Socialstyrelsen","Död inom 28 dagar efter sjukhusvårdad hjärtinfarkt","Andel döda inom 28 dagar efter sjukhusvårdad hjärtinfarkt. Åldersstandardiserade värden"
87,,1,"Patientregistret och Dödsorsaksregistret, Socialstyrelsen","Ny infarkt eller död i ischemisk hjärtsjukdom","Andel patienter som får ny hjärtinfarkt eller avlider i ischemisk hjärtsjukdom inom 365 dagar. Åldersstandardiserade värden"
88,,1,"SWEDEHEART - RIKS-HIA","Reperfusionsbehandling vid ST-höjningsinfarkt","Reperfusionsbehandling vid ST-höjningsinfarkt"
89,,1,"SWEDEHEART - RIKS-HIA","Tid till reperfusionsbehandling vid ST-höjningsinfarkt","Tid till reperfusionsbehandling vid ST-höjningsinfarkt"
90,,1,"SWEDEHEART - RIKS-HIA","Kranskärlsrönten vid icke ST-höjningsinfarkt och riskfaktor","Kranskärlsrönten vid icke ST-höjningsinfarkt och riskfaktor"
91,,1,"SWEDEHEART - RIKS-HIA","Blodproppshämmande behandling vid icke ST-höjningsinfarkt","Blodproppshämmande behandling vid icke ST-höjningsinfarkt"
366,,1,"SWEDEHEART - RIKS-HIA","RAAS-hämmande behandling efter hjärtinfarkt","RAAS-hämmande behandling efter hjärtinfarkt"
93,,2,"SWEDEHEART - SCAAR","Dödlighet efter PCI vid instabil kranskärlssjukdom","Dödlighet efter PCI vid instabil kranskärlssjukdom"
94,,2,"SWEDEHEART - SCAAR","Återförträngning av hjärtats kärl efter PCI","Återförträngning av hjärtats kärl efter PCI"
92,,1,"Patientregistret och Läkemedelsregistret, Socialstyrelsen","Blodfettssänkande behandling efter hjärtinfarkt","Andel patienter med blodfettssänkande behandling 12-18 månader efter hjärtinfarkt. Avser patienter 40-79 år. Åldersstandardiserade värden"
367,,1,"SWEDEHEART - SEPHIA","Måluppfyllelse för LDL-kolesterol","Måluppfyllelse för LDL-kolesterol"
368,,1,"SWEDEHEART - SEPHIA","Måluppfyllelse för blodtryck","Måluppfyllelse för blodtryck"
96,,1,"Makularegistret","163**Använd ej denna**","163**Använd ej denna**"
95,,1,"Patientregistret och Dödsorsaksregistret, Socialstyrelsen","Återinskrivning eller död efter vård för hjärtsvikt","Andel patienter som återinskrivs för hjärtsvikt eller avlider inom 30 dagar efter sjukhusvårdad hjärtsvikt. Åldersstandardiserade värden"
369,,1,"Makularegistret","163**Använd ej denna**","163**Använd ej denna**"
97,,2,"ICD- och Pacemakerregistret","Komplikationer efter pacemakerinsättning","Komplikationer efter pacemakerinsättning"
98,,0,"KPP-databasen, Sveriges Kommuner och Landsting","Kostnad per vårdtillfälle för PCI vid hjärtinfarkt","Kostnad per vårdtillfälle för PCI vid hjärtinfarkt"
100,,1,"Patientregistret och Dödsorsaksregistret, Socialstyrelsen","Dödlighet efter sjukhusvårdad förstagångsstroke","Andel döda inom 28 dagar efter sjukhusvårdad förstagångsstroke. Åldersstandardiserade värden"
370,,1,"Riksstroke - Nationella kvalitetsregistret för stroke","Direktintag på strokeenhet","Direktintag på strokeenhet"
321,,1,"Riksstroke - Nationella kvalitetsregistret för stroke","Reperfusionsbehandling vid stroke","Reperfusionsbehandling vid stroke"
371,,0,"Riksstroke - Nationella kvalitetsregistret för stroke","Mediantid till trombolysbehandling","Mediantid till trombolysbehandling"
103,,1,"Riksstroke - Nationella kvalitetsregistret för stroke","Test av sväljförmåga vid akut stroke","Test av sväljförmåga vid akut stroke"
104,,1,"Patientregistret och Läkemedelsregistret, Socialstyrelsen","Antikoagulantia vid förmaksflimmer efter stroke, 55-79 år","Antikoagulantia vid förmaksflimmer efter stroke, 55-79 år"
105,,1,"Patientregistret och Läkemedelsregistret, Socialstyrelsen","Blodfettssänkande behandling efter stroke","Blodfettssänkande behandling efter stroke"
372,,1,"Riksstroke - Nationella kvalitetsregistret för stroke","Blodtryckssänkande behandling efter stroke","Blodtryckssänkande behandling efter stroke "
106,,1,"Patientregistret, Socialstyrelsen","Återinsjuknande efter stroke","Andel patienter som återinskrivs för stroke inom 365 dagar. Åldersstandardiserade värden"
107,,1,"Riksstroke - Nationella kvalitetsregistret för stroke","Funktionsförmåga efter stroke","Funktionsförmåga efter stroke"
373,,1,"Riksstroke - Nationella kvalitetsregistret för stroke","Fullt tillgodosedda behov av hjälp och stöd efter stroke (3 månader)","Andel strokepatienter som 3 månader efter insjuknandet anger att behovet av hjälp och stöd är helt tillgodosett"
109,,1,"Riksstroke - Nationella kvalitetsregistret för stroke","Nöjd med rehabilitering efter stroke (12 månader)","Andel strokepatienter som 12 månader efter insjuknandet svarat ""Nöjd"" eller ""Mycket nöjd"" på frågan ""Hur nöjd eller missnöjd är du med rehabiliteringen eller träningen efter du skrevs ut från sjukhus för din stroke?"""
10,,1,"Nationellt Kvalitetsregister för Cervixcancerprevention","Deltagandefrekvens gynekologiskt cellprov","Deltagandefrekvens gynekologiskt cellprov"
12,,1,"Svenska Palliativregistret","Smärtskattning i livets slutskede","Smärtskattning i livets slutskede "
15,,1,"Makularegistret","163**Använd ej denna**","163**Använd ej denna**"
16,,2,"Makularegistret","163**Använd ej denna**","163**Använd ej denna**"
17,,1,"Makularegistret","163**Använd ej denna**","163**Använd ej denna**"
18,,0,"Läkemedelsregistret, Socialstyrelsen","Förekomst av antibiotikabehandling","Förekomst av antibiotikabehandling "
19,,1,"Makularegistret","163**Använd ej denna**","163**Använd ej denna**"
20,,1,"Makularegistret","163**Använd ej denna**","163**Använd ej denna**"
21,,1,"Läkemedelsregistret, Socialstyrelsen","Kombinationspreparat vid astma","Kombinationspreparat vid astma"
22,,1,"Läkemedelsregistret, Socialstyrelsen","Uttagsföljsamhet vid blodtryckssänkande behandling","Uttagsföljsamhet vid blodtryckssänkande behandling"
24,,0,"Nationell Patientenkät, Sveriges Kommuner och Landsting","Fråga om andra läkemedel vid besök i primärvård","Fråga om andra läkemedel vid besök i primärvård "
50,,1,"Nationella kvalitetsregistret inom gynekologisk kirurgi","Patienttillfredsställelse efter borttagande av livmoder","Patienttillfredsställelse efter borttagande av livmoder"
70,,0,"Makularegistret","163**Använd ej denna**","163**Använd ej denna**"
83,,0,"Patientregistret och Läkemedelsregistret, Socialstyrelsen","Amputation vid diabetes","Amputation vid diabetes"
101,,1,"Makularegistret","163**Använd ej denna**","163**Använd ej denna**"
102,,1,"Makularegistret","163**Använd ej denna**","163**Använd ej denna**"
108,,1,"Makularegistret","163**Använd ej denna**","163**Använd ej denna**"
327,,1,"Cancerregistret, Socialstyrelsen","Femårsöverlevnad cancer","Relativ 5-årsöverlevnad vid cancersjukdom. Avser patienter 30-89 år vid tiden för diagnos. Åldersstandardiserade värden"
390,,1,"Svenska Palliativregistret","Vidbehovsordination av ångestdämpande läkemedel","Vidbehovsordination av ångestdämpande läkemedel"
391,,1,"Svenska Palliativregistret","Samtal om vårdens innehåll och riktning (brytpunktssamtal","Samtal om vårdens innehåll och riktning (brytpunktssamtal"
392,,1,"Patientregistret, Socialstyrelsen","Återkommande slutenvård i livets slutskede","Återkommande slutenvård i livets slutskede"
118,,1,"Cancerregistret, Socialstyrelsen","Överlevnad vid bröstcancer","Relativ 5-årsöverlevnad vid bröstcancer. Avser patienter 30–89 år vid diagnos. Åldersstandardiserade värden"
393,,1,"Nationella bröstcancerregistret","Multidisciplinära konferens","Multidisciplinära konferens"
394,,1,"Nationella bröstcancerregistret","Multidisciplinära konferens","Multidisciplinära konferens"
395,,1,"Nationella bröstcancerregistret","Fastställd diagns innan operation för bröstcancer","Fastställd diagns innan operation för bröstcancer"
396,,1,"Nationella bröstcancerregistret","Omoperation på grund av tumördata","Omoperation på grund av tumördata"
397,,1,"Nationella bröstcancerregistret","Operationer med bröstbevarande kirurgi","Operationer med bröstbevarande kirurgi"
398,,1,"Nationella bröstcancerregistret","Operationer med bröstbevarande kirurgi","Operationer med bröstbevarande kirurgi"
399,,1,"Nationella bröstcancerregistret","Operation med sentinel node-teknik vid invasiv bröstcancer","Operation med sentinel node-teknik vid invasiv bröstcancer"
400,,2,"Nationella bröstcancerregistret","Omoperation på grund av kompliktion","Omoperation på grund av kompliktion"
401,,1,"Nationella bröstcancerregistret","Fullständigt strukturerat pad-svar efter operation","Fullständigt strukturerat pad-svar efter operation"
402,,1,"Nationella bröstcancerregistret","Lokal strålbehandling efter operation av bröstcancer med lymfkörtelmetastaser","Lokal strålbehandling efter operation av bröstcancer med lymfkörtelmetastaser"
403,,1,"Nationella bröstcancerregistret","Cytostatikabehandling med tillägg av trastuzumab","Cytostatikabehandling med tillägg av trastuzumab"
404,,1,"Nationella bröstcancerregistret","Läkemedelsbehandling med tamoxifen och/eller aromatashämmare efter operation","Läkemedelsbehandling med tamoxifen och/eller aromatashämmare efter operation"
405,,0,"Nationella bröstcancerregistret","Väntetid från första besök hos specialist till start av behandling","Väntetid från första besök hos specialist till start av behandling"
406,,1,"Cancerregistret, Socialstyrelsen","Överlevnad vid äggstockscancer","Relativ 5-årsöverlevnad vid äggstockscancer. Avser patienter 30-89 år vid tiden för diagnos. Åldersstandardiserade värden"
407,,1,"Nationellt kvalitetsregister för ovarialcancer","Andel vävnadsprov som bedöms av refrenspatolog","Andel vävnadsprov som bedöms av refrenspatolog"
408,,1,"Nationellt kvalitetsregister för ovarialcancer","Erfaren tumörkiturg vid primäroperation","Erfaren tumörkiturg vid primäroperation"
409,,1,"Nationellt kvalitetsregister för ovarialcancer","Optimala kirurgiska stadieindelningsprocedurer vid operation av tidig äggsstockcancer","Optimala kirurgiska stadieindelningsprocedurer vid operation av tidig äggsstockcancer"
410,,1,"Cancerregistret, Socialstyrelsen","Överlevnad vid njurcancer","Relativ 5-årsöverlevnad vid njurcancer. Avser patienter 30-89 år vid tiden för diagnos. Åldersstandardiserade värden"
411,,1,"Nationella njurcancerregistret","Primär utredning med datortomografi av bröstkorgen före operation","Primär utredning med datortomografi av bröstkorgen före operation"
412,,1,"Nationella njurcancerregistret","Njursparande kirurgi vid små tumörer","Njursparande kirurgi vid små tumörer"
413,,0,"Nationella njurcancerregistret","Väntetid från remissbeslut till start av behandling","Väntetid från remissbeslut till start av behandling"
414,,1,"Cancerregistret, Socialstyrelsen","Överlevnad vid blåscancer","Relativ 5-årsöverlevnad vid blåscancer. Avser patienter 30-89 år vid tiden för diagnos. Åldersstandardiserade värden"
415,,1,"Nationellt kvalitetsregister för urinblåsecancer","Multidisciplinär konferens inför behandlingsstart","Multidisciplinär konferens inför behandlingsstart"
416,,1,"Nationellt kvalitetsregister för urinblåsecancer","Intravesikal behandling av tumör i stadium T1","Intravesikal behandling av tumör i stadium T1"
417,,1,"Nationellt kvalitetsregister för urinblåsecancer","Kurativ syftande behandling av tumörer i stadium T2-T4","Kurativ syftande behandling av tumörer i stadium T2-T4"
418,,1,"Nationellt kvalitetsregister för urinblåsecancer","Sytotatikabehandling före radikal operation vid muskerinvasiv urinblåsecanser","Sytotatikabehandling före radikal operation vid muskerinvasiv urinblåsecanser"
419,,0,"Nationellt kvalitetsregister för urinblåsecancer","Väntetid från remissbeslut till start av behandling vid blåscancer","Väntetid från remissbeslut till start av behandling vid blåscancer"
420,,2,"Nationella prostatacancerregistret","Skelettundersökning vid prostatacancer med låg risk","Skelettundersökning vid prostatacancer med låg risk"
421,,1,"Nationella prostatacancerregistret","Aktiv monitering vid prostatacancer med mycket låg risk","Aktiv monitering vid prostatacancer med mycket låg risk"
422,,1,"Nationella prostatacancerregistret","Kuativ behandling vid lokaliserad prostatacancer med hög risk","Kuativ behandling vid lokaliserad prostatacancer med hög risk"
423,,1,"Nationella prostatacancerregistret","Strålbehandling i kombination med hormonbehandling vid lokalt avancerad prostatacancer med hög risk","Strålbehandling i kombination med hormonbehandling vid lokalt avancerad prostatacancer med hög risk"
424,,0,"Nationella prostatacancerregistret","Väntetid från remissbeslut till start av behandling vid prostatacancer med intermediär risk och hög risk","Väntetid från remissbeslut till start av behandling vid prostatacancer med intermediär risk och hög risk"
425,,0,"Nationella prostatacancerregistret","Väntetid från remissbeslut till start av behandling vid metastaserad prostatacancer","Väntetid från remissbeslut till start av behandling vid metastaserad prostatacancer"
112,,1,"Cancerregistret, Socialstyrelsen","Överlevnad vid tjocktarmscancer","Relativ 5-årsöverlevnad vid tjocktarmscancer. Avser patienter 30–89 år vid diagnos. Åldersstandardiserade värden"
426,,1,"Nationella Coloncancerregistret","Multidisciplinär konferens","Multidisciplinär konferens"
427,,1,"Nationella Coloncancerregistret","Multidisciplinär konferens efter operation","Multidisciplinär konferens efter operation"
428,,1,"Nationella Coloncancerregistret","Kartläggning inför operation vid nydiagnosticerad tjocktarmscancer","Kartläggning inför operation vid nydiagnosticerad tjocktarmscancer"
113,,1,"Nationella Coloncancerregistret","Omoperation på grund av komplikation","Omoperation på grund av komplikation"
114,,2,"Nationella Coloncancerregistret","Avlidna inom 30 respektive 90 dagar efter operation","Avlivna inom 30 respektive 90 dagar efter operation"
429,,1,"Nationella Coloncancerregistret","Minst tolv lymfkörtlar undersökta i operationspreparat","Minst tolv lymfkörtlar undersökta i operationspreparat"
430,,1,"Nationella Coloncancerregistret","Mer än 11 dagars vårdtid efter operation","Mer än 11 dagars vårdtid efter operation"
431,,1,"Nationella Coloncancerregistret","Påbörjad cytostatikabehandling inom 8 veckor efter operation vid stadium II och III","Påbörjad cytostatikabehandling inom 8 veckor efter operation vid stadium II och III"
432,,1,"Nationella Coloncancerregistret","Deltagande i strukterad behandlingsstudie","Deltagande i strukterad behandlingsstudie"
433,,0,"Nationella Coloncancerregistret","Väntetid från remissbeslut till start av behandling","Väntetid från remissbeslut till start av behandling"
115,,1,"Cancerregistret, Socialstyrelsen","Överlevnad vid ändtarmscancer","Relativ 5-årsöverlevnad vid ändtarmscancer. Avser patienter 30–89 år vid diagnos. Åldersstandardiserade värden"
434,,1,"Svenska Kolorektalcancerregistret","Multidisciplinär konferens","Multidisciplinär konferens"
435,,1,"Svenska Kolorektalcancerregistret","Multidisciplinär konferens","Multidisciplinär konferens"
436,,1,"Svenska Kolorektalcancerregistret","Kartläggning inför operation vid nydiagnosticerad ändtarmscancer","Kartläggning inför operation vid nydiagnosticerad ändtarmscancer"
116,,1,"Svenska Kolorektalcancerregistret","Omoperation på grund av komplikation","Omoperation på grund av komplikation"
117,,2,"Svenska Kolorektalcancerregistret","Avlidna inom 30 respektive 90 dagar efter operation","Avlidna inom 30 respektive 90 dagar efter operation"
437,,1,"Svenska Kolorektalcancerregistret","Minst tolv lymfkörtlar undersökta i operationspreparat","Minst tolv lymfkörtlar undersökta i operationspreparat"
438,,1,"Svenska Kolorektalcancerregistret","Mer än 15 dagars vårdtid efter operation","Mer än 15 dagars vårdtid efter operation"
439,,2,"Svenska Kolorektalcancerregistret","Anastomosinsuffciens efter operation","Anastomosinsuffciens efter operation"
440,,2,"Svenska Kolorektalcancerregistret","Återfall ac cancer i bäcknet inom fem år efter operation","Återfall ac cancer i bäcknet inom fem år efter operation"
441,,1,"Svenska Kolorektalcancerregistret","Deltaganade i strukturerad behandlingsstudie","Deltaganade i strukturerad behandlingsstudie"
442,,0,"Svenska Kolorektalcancerregistret","Väntetid från remissbeslut till start av behandling","Väntetid från remissbeslut till start av behandling"
122,,1,"Cancerregistret, Socialstyrelsen","Överlevnad vid lungcancer","Relativ 5-årsöverlevnad vid lungcancer. Avser patienter 30–89 år vid diagnos. Åldersstandardiserade värden"
123,,1,"Nationella lungcancerregistret","Multidisciplinär konferens inför behandlingsstart","Multidisciplinär konferens inför behandlingsstart"
443,,1,"Nationella lungcancerregistret","EGFR-analys vid icke småcellig lungcancer","EGFR-analys vid icke småcellig lungcancer"
444,,1,"Patientregistret, läkemedelsregistret och dödorsaksregistret, Socialstyrelsen","Antikoagulantia till riskpatienter","Andel patienter med antikoagulantiabehandling inom 182 dagar efter utskrivning från vårdtillfälle med förmaksflimmer och med riskfaktor för stroke. Åldersstandardiserade värden"
445,,1,"Nationella lungcancerregistret","Kurativ syftande behandling vid icke småcellig lungcancer i stadium I och II","Kurativ syftande behandling vid icke småcellig lungcancer i stadium I och II"
446,,1,"Nationella lungcancerregistret","Paliativt syftande kemoterapi vid obotlig lungcancer","Paliativt syftande kemoterapi vid obotlig lungcancer"
447,,0,"Nationella lungcancerregistret","Väntetid från remissankomst till behandlingsbeslut","Väntetid från remissankomst till behandlingsbeslut"
448,,1,"Cancerregistret, Socialstyrelsen","Överlevnad vid huvud- och halscancer","Relativ 5-årsöverlevnad vid huvud- och halscancer. Avser patienter 30-89 år vid tiden för diagnos. Åldersstandardiserade värden"
449,,1,"Svenskt kvalitetsregister för huvud- och halscancer","Multidisciplinär konferens inför behandling","Multidisciplinär konferens inför behandling"
127,,0,"Svenskt kvalitetsregister för huvud- och halscancer","Väntetid från remissankomst till start av behandling","Väntetid från remissankomst till start av behandling"
450,,1,"Cancerregistret, Socialstyrelsen","Överlevnad vid malignt hudmelanom","Relativ 5-årsöverlevnad vid malignt hudmelanom. Avser patienter 30-89 år vid tiden för diagnos. Åldersstandardiserade värden"
451,,1,"Nationella hudmelanomregistret","Malignt hudmelanom med en yumörtjocklek på 1,0 milimeter eller mindre","Malignt hudmelanom med en yumörtjocklek på 1,0 milimeter eller mindre"
452,,1,"Nationella hudmelanomregistret","Portvaktskörtelbiopsi vid malignt melanom","Portvaktskörtelbiopsi vid malignt melanom"
453,,0,"Nationella hudmelanomregistret","Väntetid från första läkarbesök till besked om diagnos","Väntetid från första läkarbesök till besked om diagnos"
119,,1,"Nationella bröstcancerregistret","Omoperation vid bröstcancer på grund av tumördata","Omoperation vid bröstcancer på grund av tumördata"
120,,2,"Nationella bröstcancerregistret","Omoperation vid bröstcancer på grund av komplikation","Omoperation vid bröstcancer på grund av komplikation"
121,,0,"Nationella bröstcancerregistret","Tid till operation vid bröstcancer","Tid till operation vid bröstcancer"
124,,0,"Nationellt lungcancerregister/Nationella Lungcancerregistret","Tid till behandlingsbeslut vid lungcancer","Tid till behandlingsbeslut vid lungcancer"
125,,0,"Makularegistret","163**Använd ej denna**","163**Använd ej denna**"
126,,1,"Makularegistret","163**Använd ej denna**","163**Använd ej denna**"
131,,0,"Patientregistret, Socialstyrelsen","Påverkbar somatisk slutenvård för personer med psykiatrisk diagnos","Påverkbar somatisk slutenvård för personer med psykiatrisk diagnos"
132,,1,"Patientregistret, Socialstyrelsen","Återinskrivning inom 28 dagar efter vård för schizofreni","Andel personer med schizofreni som återinskrivits i slutenvård inom 28 dagar. Avser patienter 20–59 år"
133,,1,"Patientregistret, Socialstyrelsen","Återinskrivning inom 6 månader efter vård för schizofreni","Andel personer med schizofreni som återinskrivits i slutenvård inom 6 månader. Avser patienter 20–59 år"
135,,1,"Väntetider i Vården, Sveriges Kommuner och Landsting","Besök inom 30 dagar - barn- och ungdomspsykiatri","Besök inom 30 dagar - barn- och ungdomspsykiatri"
136,,1,"Väntetider i Vården, Sveriges Kommuner och Landsting","Besök inom 90 dagar - vuxenpsykiatri","Besök inom 90 dagar - vuxenpsykiatri"
139,,1,"Kvalitetsregister ECT och Patientregistret, Socialstyrelsen","ECT vid svår depression","ECT vid svår depression"
140,,1,"Kvalitetsregister ECT","Depressionsskattning vid ECT","Depressionsskattning vid ECT"
137,,1,"Rättspsyk - Nationellt kvalitetsregister för rättpsykiatrisk vård","Återfall i brottslig gärning vid rättspsykiatrisk vård","Återfall i brottslig gärning vid rättspsykiatrisk vård"
138,,1,"Rättspsyk - Nationellt kvalitetsregister för rättpsykiatrisk vård","Fetma bland patienter i rättspsykiatrisk vård","Fetma bland patienter i rättspsykiatrisk vård"
128,,0,"Läkemedelsregistret, Socialstyrelsen","Regelbunden behandling med sömnmedel eller lugnande medel","Regelbunden behandling med sömnmedel eller lugnande medel"
129,,2,"Läkemedelsregistret, Socialstyrelsen","Tre eller fler psykofarmaka bland äldre","Tre eller fler psykofarmaka bland äldre "
130,,1,"Läkemedelsregistret, Socialstyrelsen","Användning av lämpliga sömnmedel till äldre","Användning av lämpliga sömnmedel till äldre "
134,,1,"Läkemedelsregistret, Socialstyrelsen","Följsamhet till litiumbehandling vid bipolär sjukdom","Följsamhet till litiumbehandling vid bipolär sjukdom "
141,,1,"Svenskt Bråckregister","Omoperation vid ljumskbråck","Omoperation vid ljumskbråck "
142,,1,"Patientregistret, Socialstyrelsen","Dagkirurgiska operationer vid ljumskbråck","Andel ljumskbråcksoperationer utförda i dagkirurgi"
143,,1,"Makularegistret","143**Använd ej denna**","143**Använd ej denna**"
144,,1,"Scandinavian Obesity Surgery Register","Uppföljning av patienter efter obesitaskirurgi","Uppföljning av patienter efter obesitaskirurgi"
145,,1,"Scandinavian Obesity Surgery Register","Minskning av övervikt efter obesitaskirurgi","Minskning av övervikt efter obesitaskirurgi"
146,,0,"KPP-databasen, Sveriges Kommuner och Landsting","Kostnad per operation - obesitaskirurgi","Kostnad per operation - obesitaskirurgi"
147,,1,"Gallriks - Svenskt kvalitetsregister för gallstenskirurgi","Miniinvasivt borttagande av gallblåsa","Miniinvasivt borttagande av gallblåsa"
148,,1,"Gallriks - Svenskt kvalitetsregister för gallstenskirurgi","Kirurgiska komplikationer efter borttagande av gallblåsa","Kirurgiska komplikationer efter borttagande av gallblåsa"
149,,1,"Gallriks - Svenskt kvalitetsregister för gallstenskirurgi","Antibiotika vid borttagande av gallblåsa","Antibiotika vid borttagande av gallblåsa"
150,,0,"KPP-databasen, Sveriges Kommuner och Landsting","Kostnad per DRG-poäng  vid galloperation","Kostnad per DRG-poäng  vid galloperation"
151,,1,"Swedvasc - Svenska Kärlregistret","Tid till operation vid förträngning av halspulsåder","Tid till operation vid förträngning av halspulsåder"
152,,1,"Swedvasc - Svenska Kärlregistret","Död eller amputation efter operation av kärlförträngning i ben","Död eller amputation efter operation av kärlförträngning i ben"
153,,1,"Swedvasc - Svenska Kärlregistret","Död efter planerad operation för aortaaneurysm","Död efter planerad operation för aortaaneurysm"
154,,0,"KPP-databasen, Sveriges Kommuner och Landsting","Kostnad per operation av kärlförträngning i ben","Kostnad per operation av kärlförträngning i ben"
374,,1,"Väntetider i Vården, Sveriges Kommuner och Landsting","Besök inom 90 dagar - allmän kirurgi","Besök inom 90 dagar - allmän kirurgi"
375,,1,"Väntetider i Vården, Sveriges Kommuner och Landsting","Operation inom 90 dagar - magsäck, tarm vid övervikt","Operation inom 90 dagar - magsäck, tarm vid övervikt"
376,,1,"Väntetider i Vården, Sveriges Kommuner och Landsting","Operation inom 90 dagar för ljumskbråck","Operation inom 90 dagar för ljumskbråck"
155,,1,"Svenskt Kvalitetsregister för Öron-, Näs- och Halssjukvård","Patientrapporterat resultat av septumplastik","Patientrapporterat resultat av septumplastik "
156,,1,"Svenskt Kvalitetsregister för Öron-, Näs- och Halssjukvård","Patientrapporterad symtomfrihet efter tonsillektomi","Patientrapporterad symtomfrihet efter tonsillektomi"
157,,2,"SIR - Svenska Intensivvårdsregistret","Riskjusterad dödlighet efter vård på IVA","Riskjusterad dödlighet efter vård på IVA"
158,,2,"SIR - Svenska Intensivvårdsregistret","Utskrivning nattetid från IVA","Utskrivning nattetid från IVA"
159,,2,"SIR - Svenska Intensivvårdsregistret","Oplanerad återinskrivning till IVA","Oplanerad återinskrivning till IVA"
160,,1,"Nationella Kataraktregistret","Synfel vid tidpunkt för kataraktoperation","Synfel vid tidpunkt för kataraktoperation"
161,,1,"Nationella Kataraktregistret","Självskattad nytta av kataraktoperation","Självskattad nytta av kataraktoperation"
162,,1,"Makularegistret","Förbättring efter behandling vid makuladegeneration","Förbättring efter behandling vid makuladegeneration"
377,,1,"Väntetider i Vården, Sveriges Kommuner och Landsting","Besök inom 90 dagar - ögonsjukvård","Besök inom 90 dagar - ögonsjukvård"
378,,1,"Väntetider i Vården, Sveriges Kommuner och Landsting","Operation inom 90 dagar för gråstarr","Operation inom 90 dagar för gråstarr"
13,,1,"Svenska Palliativregistret","Vidbehovsordination av opioider i livets slutskede","Vidbehovsordination av opioider i livets slutskede"
14,,1,"Svenska Palliativregistret","Brytpunktssamtal i livets slutskede","Brytpunktssamtal i livets slutskede"
379,,1,"Svenska Palliativregistret","Munhälsobedömning under sista levnadsveckan","Munhälsobedömning under sista levnadsveckan"
380,,1,"Svenska Palliativregistret","Trycksår vid tidpunkt för dödsfall","Trycksår vid tidpunkt för dödsfall"
381,,1,"Svenska Palliativregistret","Vidbehovsordination av ångestdämpande läkemedel","Vidbehovsordination av ångestdämpande läkemedel"
110,,1,"Svenska MS-registret","Bromsmedicin vid skovvis förlöpande MS","Bromsmedicin vid skovvis förlöpande MS "
111,,1,"Svenska MS-registret","Bromsmedicin vid sekundärprogressiv MS","Bromsmedicin vid sekundärprogressiv MS"
382,,1,"CPUP","Andel barn med god sträckningsförmåga i knäled vid CP","Andel barn med god sträckningsförmåga i knäled vid CP"
383,,1,"CPUP","Andel barn bedömda av fysioterapeut vid CP","Andel barn bedömda av fysioterapeut vid CP"
23,,1,"InfCare HIV","God viruskontroll vid HIV","God viruskontroll vid HIV"
163,,0,"Makularegistret","163**Använd ej denna**","163**Använd ej denna**"
164,,0,"Makularegistret","164**Använd ej denna**","164**Använd ej denna**"
165,,0,"Makularegistret","skräp 165**Använd ej denna**","skräp 165**Använd ej denna**"
166,,0,"Makularegistret","166**Använd ej denna**","166**Använd ej denna**"
167,,0,"Makularegistret","167**Använd ej denna**","167**Använd ej denna**"
168,,0,"Makularegistret","168**Använd ej denna**","168**Använd ej denna**"
169,,0,"Makularegistret","169**Använd ej denna**","169**Använd ej denna**"
170,,0,"Folkhälsoinstitutet (FHI)","Förtroende för sjukvården","Förtroende för sjukvården"
171,,0,"Folkhälsoinstitutet (FHI)","Avstått från att söka sjukvård trots upplevt behov","Avstått från att söka sjukvård trots upplevt behov"
172,,0,"Folkhälsoinstitutet (FHI)","Avstått besök hos tandläkare trots upplevt behov","Avstått besök hos tandläkare trots upplevt behov"
173,,0,"Folkhälsoinstitutet (FHI)","Ohälsosamma levnadsvanor","Ohälsosamma levnadsvanor"
174,,0,"Sveriges Kommuner och Landsting","Diskussion om levnadsvanor med vårdpersonal","Diskussion om levnadsvanor med vårdpersonal"
175,,0,"Sveriges Kommuner och Landsting","Förändring av levnadsvanor med stöd via internet","Förändring av levnadsvanor med stöd via internet"
176,,0,"Sveriges Kommuner och Landsting","Förändring av levnadsvanor som alternativ till läkemedelsbehandling","Förändring av levnadsvanor som alternativ till läkemedelsbehandling"
177,,0,"Sveriges Kommuner och Landsting","Patienter som diskuterat tobaksvanor med vårdpersonal i primärvården","Patienter som diskuterat tobaksvanor med vårdpersonal i primärvården"
178,,0,"Sveriges Kommuner och Landsting","Patienter som diskuterat tobaksvanor med vårdpersonal i öppen- och slutenvård","Patienter som diskuterat tobaksvanor med vårdpersonal i öppen- och slutenvård"
179,,0,"Sveriges Kommuner och Landsting","Patienter som diskuterat tobaksvanor med vårdpersonal inom psykiatrisk öppenvård","Patienter som diskuterat tobaksvanor med vårdpersonal inom psykiatrisk öppenvård"
180,,0,"Sveriges Kommuner och Landsting","Patienter som diskuterat alkoholvanor med vårdpersonal i primärvården","Patienter som diskuterat alkoholvanor med vårdpersonal i primärvården"
181,,0,"Sveriges Kommuner och Landsting","Patienter som diskuterat alkoholvanor med vårdpersonal i öppen- och slutenvård","Patienter som diskuterat alkoholvanor med vårdpersonal i öppen- och slutenvård"
182,,0,"Sveriges Kommuner och Landsting","Patienter som diskuterat alkoholvanor med vårdpersonal inom psykiatrisk öppenvård","Patienter som diskuterat alkoholvanor med vårdpersonal inom psykiatrisk öppenvård"
183,,0,"Sveriges Kommuner och Landsting","Patienter som diskuterat motionsvanor med vårdpersonal i primärvården","Patienter som diskuterat motionsvanor med vårdpersonal i primärvården"
184,,0,"Sveriges Kommuner och Landsting","Patienter som diskuterat motionsvanor med vårdpersonal i öppen- och slutenvård","Patienter som diskuterat motionsvanor med vårdpersonal i öppen- och slutenvård"
185,,0,"Sveriges Kommuner och Landsting","Patienter som diskuterat motionsvanor med vårdpersonal inom psykiatrisk öppenvård","Patienter som diskuterat motionsvanor med vårdpersonal inom psykiatrisk öppenvård"
186,,0,"Sveriges Kommuner och Landsting","Patienter som diskuterat matvanor med vårdpersonal i primärvården","Patienter som diskuterat matvanor med vårdpersonal i primärvården"
187,,0,"Sveriges Kommuner och Landsting","Patienter som diskuterat matvanor med vårdpersonal i öppen- och slutenvård","Patienter som diskuterat matvanor med vårdpersonal i öppen- och slutenvård"
188,,0,"Sveriges Kommuner och Landsting","Patienter som diskuterat matvanor med vårdpersonal inom psykiatrisk öppenvård","Patienter som diskuterat matvanor med vårdpersonal inom psykiatrisk öppenvård"
189,,0,"NDR - Nationella Diabetesregistret","Vuxna patienter med diabetes med BMI över 30 kg/m2","Vuxna patienter med diabetes med BMI över 30 kg/m2"
190,,0,"NDR - Nationella Diabetesregistret","Rökning hos vuxna patienter med diabetes","Rökning hos vuxna patienter med diabetes"
191,,0,"NDR - Nationella Diabetesregistret","Fysisk inaktivitet hos vuxna patienter med diabetes","Fysisk inaktivitet hos vuxna patienter med diabetes"
192,,1,"Barn- och ungdomsdiabetes (SWEDIAKIDS)","Fysisk aktivitet hos barn med diabetes","Fysisk aktivitet hos barn med diabetes"
193,,0,"Barn- och ungdomsdiabetes (SWEDIAKIDS)","Blodsockernivån hos barn och ungdomar med diabetes","Blodsockernivån hos barn och ungdomar med diabetes"
194,,0,"Medicinska födelseregistret, Socialstyrelsen","Rökning i barns hemmiljö vid 0-4 veckor","Rökning i barns hemmiljö vid 0-4 veckor"
195,,0,"Medicinska födelseregistret, Socialstyrelsen","Rökning i barns hemmiljö vid 8 månader","Rökning i barns hemmiljö vid 8 månader"
196,,1,"Nationella kvalitetsregistret för stroke, Riks-Stroke","Allmänt hälsotillstånd tre månader efter stroke","Allmänt hälsotillstånd tre månader efter stroke"
197,,1,"Nationella kvalitetsregistret för stroke, Riks-Stroke","Allmänt hälsotillstånd tolv månader efter stroke","Allmänt hälsotillstånd tolv månader efter stroke"
198,,1,"Nationella kvalitetsregistret för stroke, Riks-Stroke","Tillgodosedda behov av rehabilitering efter stroke 2011","Tillgodosedda behov av rehabilitering efter stroke 2011"
199,,1,"Nationella kvalitetsregistret för stroke, Riks-Stroke","Nöjdhet med information om stroke","Nöjdhet med information om stroke"
200,,1,"Nationella kvalitetsregistret för stroke, Riks-Stroke","Rökstopp efter stroke vid tremånadersuppföljning","Rökstopp efter stroke vid tremånadersuppföljning"
201,,1,"Nationella kvalitetsregistret för stroke, Riks-Stroke","Rökstopp efter stroke vid tolvmånadersuppföljning","Rökstopp efter stroke vid tolvmånadersuppföljning"
202,,0,"Socialstyrelsen","Kariesfria barn 3 och 6 år","Kariesfria barn 3 och 6 år"
203,,0,"Socialstyrelsen","Kariesfria barn och ungdomar 12 och 19 år","Kariesfria barn och ungdomar 12 och 19 år"
204,,2,"SWESPINE - Svenska Ryggregistret","Patientrapporterad förbättring efter operation av spinal stenos","Patientrapporterad förbättring efter operation av spinal stenos"
205,,2,"SWESPINE - Svenska Ryggregistret","Patientrapporterad förbättring efter operation av diskbråck","Patientrapporterad förbättring efter operation av diskbråck"
206,,0,"Nationell Patientenkät, Sveriges Kommuner och Landsting","Frågan om patienten använder andra läkemedel","Frågan om patienten använder andra läkemedel"
207,,0,"Nationell Patientenkät, Sveriges Kommuner och Landsting","Information om förskrivet läkemedel","Information om förskrivet läkemedel"
208,,0,"Nationell Patientenkät, Sveriges Kommuner och Landsting","Information om biverkningar","Information om biverkningar"
209,,1,"Läkemedelsregistret, Socialstyrelsen","Tio eller fler läkemedel samtidigt","Tio eller fler läkemedel samtidigt "
210,,2,"Läkemedelsregistret, Socialstyrelsen","Medelantal läkemedel","Medelantal läkemedel "
211,,1,"Läkemedelsregistret, Socialstyrelsen","Äldre med läkemedel som bör undvikas (äldre version)","Äldre med läkemedel som bör undvikas"
212,,2,"Läkemedelsregistret, Socialstyrelsen","Användning av antiinflammatoriska läkemedel hos äldre (75 år och äldre)","Användning av antiinflammatoriska läkemedel hos äldre (75 år och äldre)"
213,,1,"Läkemedelsregistret, Socialstyrelsen","Användning av antipsykotiska läkemedel hos äldre","Andel äldre i befolkningen som använder antipsykotika. Avser personer 75 år och äldre, 31 december"
214,,2,"Läkemedelsregistret, Socialstyrelsen","Användning av demensläkemedel hos äldre (65 år och äldre - åldersstandardiserat)","Användning av demensläkemedel hos äldre (65 år och äldre)"
215,,1,"Läkemedelsregistret, Socialstyrelsen","Långvarig behandling med vissa sömnmedel och lugnande medel","Antal personer med regelbunden användning, (≥ 0,5 DDD/dag under ett år), av bensodiazepiner och bensodiazepinliknande läkemedel, per 1 000 invånare. Avser personer 20-79 år. Åldersstandardiserade värden"
216,,1,"Läkemedelsregistret, Socialstyrelsen","Följsamhet till antidepressiv behandling","Andel patienter med fortsatt antidepressiv läkemedelsbehandling. Avser nytt uttag av läkemedel 60–150 dagar efter det första uttaget. Åldersstandardiserade värden"
217,,0,"Läkemedelsregistret, Socialstyrelsen","Förekomst av antibiotikabehandling i öppenvård","Antal uthämtade antibiotikarecept per 1 000 invånare, åldersstandardiserade värden"
218,,1,"Läkemedelsregistret, Socialstyrelsen","Penicillin V vid behandling av barn med luftvägsantibiotika","Andel  recept på penicillin V av alla recept på antibiotika som vanligtvis används vid luftvägsinfektion. Avser barn 0-6 år. "
219,,1,"Läkemedelsregistret, Socialstyrelsen","Penicillin V som andel av all antibiotika","Andel recept på penicillin V av uthämtade antibiotikarecept"
220,,1,"Läkemedelsregistret, Socialstyrelsen","Andel kinoloner av uthämtade recept på antibiotika för nedre urinvägsinfektion","Andel recept på kinoloner av uthämtade recept på urinvägsantibiotika. Avser kvinnor 18-79 år"
221,,1,"Läkemedelsregistret och Patientregistret, Socialstyrelsen","Läkemedelsbehandling 0-6 månader efter sjukhusvårdad hjärtsvikt","Andel patienter som sjukhusvårdades för hjärtsvikt under och som under påföljande halvår behandlats med både RAAS-hämmare och betablockerare. Åldersstandardiserade värden"
222,,1,"Läkemedelsregistret och Patientregistret, Socialstyrelsen","Läkemedelsbehandling 12-18 månader efter sjukhusvårdad hjärtsvikt","Läkemedelsbehandling 12-18 månader efter sjukhusvårdad hjärtsvikt"
223,,1,"Läkemedelsregistret och Patientregistret, Socialstyrelsen","Blodproppshämmande behandling 12-18 månader efter akut hjärtinfarkt","Blodproppshämmande behandling 12-18 månader efter akut hjärtinfarkt"
224,,0,"Riksstroke - Nationella kvalitetsregistret för stroke","Tidsfördröjning mellan ankomst till sjukhus och start av trobolysbehandling","Tidsfördröjning mellan ankomst till sjukhus och start av trobolysbehandling"
225,,1,"Nationellt kvalitetsregister för koloncancer","Adjuvant cytostatikabehandling efter operation vid tjocktarmscancer stadium II och III","Adjuvant cytostatikabehandling efter operation vid tjocktarmscancer stadium II och III "
226,,0,"Xxänvänd ej denna","XXXYY används ej","XXXYY används ej"
227,,0,"Xxänvänd ej denna","XXXYY används ej","XXXYY används ej"
228,,0,"Xxänvänd ej denna","XXXYY används ej","XXXYY används ej"
229,,0,"Xxänvänd ej denna","XXXYY används ej","XXXYY används ej"
230,,0,"Läkemedelsregistret, Socialstyrelsen","Justerad läkemedelkostnad per invånare","Justerad läkemedelskostnad per invånare. Avser läkemedel inom förmånen. Köns- och åldersstandardiserade värden. "
231,,0,"Vårdbarometern, Sveriges Kommuner och Landsting","Antibiotikaanvändning och viljan att avstå när så är möjligt","Antibiotikaanvändning och viljan att avstå när så är möjligt "
232,,1,"Läkemedelsregistret och Patientregistret, Socialstyrelsen","Antipsykotiska läkemedel vid schizofreni","Andel patienter med schizofreni som behandlas med antipsykotiska läkemedel 0–6 månader efter utskrivning från sjukhus. Åldersstandardiserade värden"
233,,0,"Xxänvänd ej denna","XXXYY används ej","XXXYY används ej"
234,,0,"Xxänvänd ej denna","XXXYY används ej","XXXYY används ej"
235,,0,"Xxänvänd ej denna","XXXYY används ej","XXXYY används ej"
236,,0,"Xxänvänd ej denna","XXXYY används ej","XXXYY används ej"
237,,0,"Xxänvänd ej denna","XXXYY används ej","XXXYY används ej"
238,,0,"Xxänvänd ej denna","XXXYY används ej","XXXYY används ej"
239,,0,"Xxänvänd ej denna","XXXYY används ej","XXXYY används ej"
240,,0,"Patientregistret, Socialstyrelsen","Total antal vårddagar","Total antal vårddagar"
241,,0,"Patientregistret, Socialstyrelsen","Total antal Vårdtillfällen","Total antal Vårdtillfällen"
242,,2,"Patientregistret, Socialstyrelsen","Medelvårdtid för vårdtillfälle vid slutenvård, totalt","Medelvårdtid för vårdtillfälle vid slutenvård, totalt"
243,,1,"Patientregistret, Socialstyrelsen","Antal operationer i dagkirurgi av totalt antal operationer","Antal operationer i dagkirurgi av totalt antal operationer"
244,,0,"Kolada","Antal vårdplatser, totalt","Antal vårdplatser, totalt"
245,,1,"Socialstyrelsens statistikdatabas och Kolada","Beläggningsgrad","Beläggningsgrad"
246,,0,"Patientregistret, Socialstyrelsen","Hysterektomi - Antal operationer","Hysterektomi - Antal operationer"
247,,2,"Patientregistret, Socialstyrelsen","Medelvårdtid vid hysterektomi","Medelvårdtid vid hysterektomi"
248,,0,"Patientregistret, Socialstyrelsen","Framfall - Antal operationer","Framfall - Antal operationer "
249,,0,"Patientregistret, Socialstyrelsen","Urininkontinens - Antal operationer","Urininkontinens - Antal operationer"
250,,0,"Patientregistret, Socialstyrelsen","Skrapning - Antal operationer","Skrapning - Antal operationer"
251,,0,"Patientregistret, Socialstyrelsen","Artroskopi - Antal operationer","Artroskopi - Antal operationer "
252,,0,"Patientregistret, Socialstyrelsen","Knäprotes - Antal operationer","Knäprotes - Antal operationer "
253,,2,"Patientregistret, Socialstyrelsen","Medelvårdtid vid knäprotesoperation","Medelvårdtid vid knäprotesoperation"
254,,0,"Patientregistret, Socialstyrelsen","Höftprotes - Antal operationer","Höftprotes - Antal operationer "
255,,2,"Patientregistret, Socialstyrelsen","Medelvårdtider vid höftprotesoperation","Medelvårdtider vid höftprotesoperation"
256,,0,"Patientregistret, Socialstyrelsen","Höftfraktur - Antal vårdtillfällen grundad på vårdepisodsdata","Höftfraktur - Antal vårdtillfällen grundad på vårdepisodsdata "
257,,1,"Patientregistret, Socialstyrelsen","Medelvårdtid för vårdepisod vid höftfraktur","Medelvårdtid för vårdepisod vid höftfraktur"
258,,0,"Patientregistret, Socialstyrelsen","Hjärtsvikt- Antal vårdtillfällen","Hjärtsvikt- Antal vårdtillfällen "
259,,1,"Patientregistret, Socialstyrelsen","Hjärtsvikt, antal vårddagar per patient","Hjärtsvikt, antal vårddagar per patient"
260,,2,"Patientregistret, Socialstyrelsen","Medelvårdtid vid hjärtsvikt","Medelvårdtid vid hjärtsvikt"
261,,0,"Patientregistret, Socialstyrelsen","Hjärtarytmi och överledningsstörningar (DRG E65E och E65C)- Antal vårdtillfällen","Hjärtarytmi och överledningsstörningar (DRG E65E och E65C)- Antal vårdtillfällen"
262,,2,"Patientregistret, Socialstyrelsen","Hjärtarytmi och överledningsstörningar (DRG E65E och E65C)- Antal vårddagar per patient","Hjärtarytmi och överledningsstörningar (DRG E65E och E65C)- Antal vårddagar per patient"
263,,2,"Patientregistret, Socialstyrelsen","Medelvårdtid vid Hjärtarytmi och överledningsstörningar (DRG E65E och E65C)","Medelvårdtid vid Hjärtarytmi och överledningsstörningar (DRG E65E och E65C)"
264,,0,"Patientregistret, Socialstyrelsen","Angina pectoris (DRG E66C och E66E) - Antal vårdtillfällen","Angina pectoris (DRG E66C och E66E) - Antal vårdtillfällen "
265,,2,"Patientregistret, Socialstyrelsen","Angina pectoris (DRG E66C och E66E) - Antal vårddagar per patient","Angina pectoris (DRG E66C och E66E) - Antal vårddagar per patient"
266,,2,"Patientregistret, Socialstyrelsen","Medelvårdtid vid Angina pectoris (DRG E66C och E66E)","Medelvårdtid vid Angina pectoris (DRG E66C och E66E)"
267,,0,"Patientregistret, Socialstyrelsen","Planerad PCI vid kranskärlsförträngning (DRG: E19N för slutenvård och E19O för öppenvård) - Antal operationer","Planerad PCI vid kranskärlsförträngning (DRG: E19N för slutenvård och E19O för öppenvård) - Antal operationer "
268,,2,"Patientregistret, Socialstyrelsen","Planerad PCI vid kranskärlsförträngning (DRG: E19N för slutenvård och E19O för öppenvård) - Antal vårddagar","Planerad PCI vid kranskärlsförträngning (DRG: E19N för slutenvård och E19O för öppenvård) - Antal vårddagar"
269,,2,"Patientregistret, Socialstyrelsen","Medelvårdtid vid Planerad PCI vid kranskärlsförträngning (DRG: E19N för slutenvård och E19O för öppenvård)","Medelvårdtid vid Planerad PCI vid kranskärlsförträngning (DRG: E19N för slutenvård och E19O för öppenvård)"
270,,1,"Patientregistret, Socialstyrelsen","Kranskärlsoperationer - Antal operationer","Kranskärlsoperationer - Antal operationer"
271,,0,"Patientregistret, Socialstyrelsen","Pacemakerimplantat (DRG: slutenvård E26A, E26C och E26E öppenvård E25O, E26O och E27O) - Antal operationer","Pacemakerimplantat (DRG: slutenvård E26A, E26C och E26E öppenvård E25O, E26O och E27O) - Antal operationer"
272,,1,"Patientregistret, Socialstyrelsen","Medelvårdtid vid stroke","Medelvårdtid vid stroke"
273,,0,"Patientregistret, Socialstyrelsen","Schizofreni - Antal vårdtillfällen per 100 000 invånare","Schizofreni - Antal vårdtillfällen per 100 000 invånare"
274,,0,"Kataraktregistret","Katarakt - Antal operationer för 65+","Katarakt - Antal operationer för 65+"
275,,0,"Patientregistret, Socialstyrelsen","Prostataförstoring - Antal operationer","Prostataförstoring - Antal operationer"
276,,0,"Patientregistret, Socialstyrelsen","Ljumskbråckoperationer - Antal operationer","Ljumskbråckoperationer - Antal operationer "
277,,0,"Patientregistret, Socialstyrelsen","Kolecystektomi-Antal operationer","Kolecystektomi-Antal operationer"
278,,1,"Patientregistret, Socialstyrelsen","Septumplastik - Antal operationer","Septumplastik - Antal operationer"
279,,0,"Patientregistret, Socialstyrelsen","Tonsillektomi - Antal operationer (Ekl. Tumörer: D00-D48)","Tonsillektomi - Antal operationer (Ekl. Tumörer: D00-D48)"
280,,0,"Patientregistret, Socialstyrelsen","Obesitasoperationer - Antal operationer","Obesitasoperationer - Antal operationer"
281,,2,"Patientregistret, Socialstyrelsen","Medelvårdtid vid obesitaskirurgi","Medelvårdtid vid obesitaskirurgi"
282,,1,"Patientregistret, Socialstyrelsen","Blödande magsår - Antal vårdtillfällen","Blödande magsår - Antal vårdtillfällen"
283,,2,"Patientregistret, Socialstyrelsen","Medelvårdtid vid blödande magsår","Medelvårdtid vid blödande magsår"
700,,0,"Läkemedelsregistret, Socialstyrelsen","Förekomst av antibiotikabehandling i öppenvård, 2017 Q1","Förekomst av antibiotikabehandling i öppenvård, 2017 Q1"
710,,0,"Läkemedelsregistret, Socialstyrelsen","Förekomst av antibiotikabehandling i öppenvård, 2017 Q2","Förekomst av antibiotikabehandling i öppenvård, 2017 Q2"
720,,0,"Läkemedelsregistret, Socialstyrelsen","Förekomst av antibiotikabehandling i öppenvård, 2017 Q3","Förekomst av antibiotikabehandling i öppenvård, 2017 Q3"
730,,0,"Läkemedelsregistret, Socialstyrelsen","Förekomst av antibiotikabehandling i öppenvård, 2017 Q4","Förekomst av antibiotikabehandling i öppenvård, 2017 Q4"
740,,0,"Läkemedelsregistret, Socialstyrelsen","Förekomst av antibiotikabehandling i öppenvård, 2018 Q1","Förekomst av antibiotikabehandling i öppenvård, 2018 Q1"
750,,0,"Läkemedelsregistret, Socialstyrelsen","Förekomst av antibiotikabehandling i öppenvård, 2018 Q2","Förekomst av antibiotikabehandling i öppenvård, 2018 Q2"
701,,1,"Läkemedelsregistret, Socialstyrelsen","Andel kinoloner av alla uthämtade recept på urinvägsantibiotika. Avser personer 18-79 år. 2017 Q1","Andel kinoloner av alla uthämtade recept på urinvägsantibiotika. Avser personer 18-79 år. 2017 Q1"
711,,1,"Läkemedelsregistret, Socialstyrelsen","Andel kinoloner av alla uthämtade recept på urinvägsantibiotika. Avser personer 18-79 år. 2017 Q2","Andel kinoloner av alla uthämtade recept på urinvägsantibiotika. Avser personer 18-79 år. 2017 Q2"
721,,1,"Läkemedelsregistret, Socialstyrelsen","Andel kinoloner av alla uthämtade recept på urinvägsantibiotika. Avser personer 18-79 år. 2017 Q3","Andel kinoloner av alla uthämtade recept på urinvägsantibiotika. Avser personer 18-79 år. 2017 Q3"
731,,1,"Läkemedelsregistret, Socialstyrelsen","Andel kinoloner av alla uthämtade recept på urinvägsantibiotika. Avser personer 18-79 år. 2017 Q4","Andel kinoloner av alla uthämtade recept på urinvägsantibiotika. Avser personer 18-79 år. 2017 Q4"
741,,1,"Läkemedelsregistret, Socialstyrelsen","Andel kinoloner av alla uthämtade recept på urinvägsantibiotika. Avser personer 18-79 år. 2018 Q1","Andel kinoloner av alla uthämtade recept på urinvägsantibiotika. Avser personer 18-79 år. 2018 Q1"
751,,1,"Läkemedelsregistret, Socialstyrelsen","Andel kinoloner av alla uthämtade recept på urinvägsantibiotika. Avser personer 18-79 år. 2018 Q2","Andel kinoloner av alla uthämtade recept på urinvägsantibiotika. Avser personer 18-79 år. 2018 Q2"
293,,1,"Xxänvänd ej denna","XXXYY används ej","XXXYY används ej"
294,,1,"Xxänvänd ej denna","XXXYY används ej","XXXYY används ej"
295,,1,"Xxänvänd ej denna","XXXYY används ej","XXXYY används ej"
702,,1,"Läkemedelsregistret, Socialstyrelsen","Andel penicilin V av alla uthämtade antibiotikarecept, 2017 Q1.","Andel penicilin V av alla uthämtade antibiotikarecept, 2017 Q1."
712,,1,"Läkemedelsregistret, Socialstyrelsen","Andel penicilin V av alla uthämtade antibiotikarecept, 2017 Q2.","Andel penicilin V av alla uthämtade antibiotikarecept, 2017 Q2."
722,,1,"Läkemedelsregistret, Socialstyrelsen","Andel penicilin V av alla uthämtade antibiotikarecept, 2017 Q3.","Andel penicilin V av alla uthämtade antibiotikarecept, 2017 Q3."
732,,1,"Läkemedelsregistret, Socialstyrelsen","Andel penicilin V av alla uthämtade antibiotikarecept, 2017 Q4.","Andel penicilin V av alla uthämtade antibiotikarecept, 2017 Q4."
742,,1,"Läkemedelsregistret, Socialstyrelsen","Andel penicilin V av alla uthämtade antibiotikarecept, 2018 Q1.","Andel penicilin V av alla uthämtade antibiotikarecept, 2018 Q1."
752,,1,"Läkemedelsregistret, Socialstyrelsen","Andel penicilin V av alla uthämtade antibiotikarecept, 2018 Q2.","Andel penicilin V av alla uthämtade antibiotikarecept, 2018 Q2."
296,,1,"Xxänvänd ej denna","XXXYY används ej","XXXYY används ej"
297,,1,"Xxänvänd ej denna","XXXYY används ej","XXXYY används ej"
298,,1,"Xxänvänd ej denna","XXXYY används ej","XXXYY används ej"
299,,1,"Xxänvänd ej denna","XXXYY används ej","XXXYY används ej"
703,,1,"Läkemedelsregistret, Socialstyrelsen","Penicillin V vid behandling av barn med luftvägsantibiotika, avser barn 0-6 år. 2017 Q1.","Penicillin V vid behandling av barn med luftvägsantibiotika, avser barn 0-6 år. 2017 Q1."
713,,1,"Läkemedelsregistret, Socialstyrelsen","Penicillin V vid behandling av barn med luftvägsantibiotika, avser barn 0-6 år. 2017 Q2.","Penicillin V vid behandling av barn med luftvägsantibiotika, avser barn 0-6 år. 2017 Q2."
723,,1,"Läkemedelsregistret, Socialstyrelsen","Penicillin V vid behandling av barn med luftvägsantibiotika, avser barn 0-6 år. 2017 Q3.","Penicillin V vid behandling av barn med luftvägsantibiotika, avser barn 0-6 år. 2017 Q3."
733,,1,"Läkemedelsregistret, Socialstyrelsen","Penicillin V vid behandling av barn med luftvägsantibiotika, avser barn 0-6 år. 2017 Q4.","Penicillin V vid behandling av barn med luftvägsantibiotika, avser barn 0-6 år. 2017 Q4."
743,,1,"Läkemedelsregistret, Socialstyrelsen","Penicillin V vid behandling av barn med luftvägsantibiotika, avser barn 0-6 år. 2018 Q1.","Penicillin V vid behandling av barn med luftvägsantibiotika, avser barn 0-6 år. 2018 Q1."
753,,1,"Läkemedelsregistret, Socialstyrelsen","Penicillin V vid behandling av barn med luftvägsantibiotika, avser barn 0-6 år. 2018 Q1.","Penicillin V vid behandling av barn med luftvägsantibiotika, avser barn 0-6 år. 2018 Q2."
484,,1,"Läkemedelsregistret, Socialstyrelsen","Andel äldre i befolkningen med tio eller fler läkemedel samtidigt. Avser personer 75 år och äldre. 2016 Q3.","Andel äldre i befolkningen med tio eller fler läkemedel samtidigt. Avser personer 75 år och äldre. 2016 Q3."
494,,1,"Läkemedelsregistret, Socialstyrelsen","Andel äldre i befolkningen med tio eller fler läkemedel samtidigt. Avser personer 75 år och äldre. 2016 Q4.","Andel äldre i befolkningen med tio eller fler läkemedel samtidigt. Avser personer 75 år och äldre. 2016 Q4."
704,,1,"Läkemedelsregistret, Socialstyrelsen","Andel äldre i befolkningen med tio eller fler läkemedel samtidigt. Avser personer 75 år och äldre. 2017 Q1.","Andel äldre i befolkningen med tio eller fler läkemedel samtidigt. Avser personer 75 år och äldre. 2017 Q1."
714,,1,"Läkemedelsregistret, Socialstyrelsen","Andel äldre i befolkningen med tio eller fler läkemedel samtidigt. Avser personer 75 år och äldre. 2017 Q2.","Andel äldre i befolkningen med tio eller fler läkemedel samtidigt. Avser personer 75 år och äldre. 2017 Q2."
724,,1,"Läkemedelsregistret, Socialstyrelsen","Andel äldre i befolkningen med tio eller fler läkemedel samtidigt. Avser personer 75 år och äldre. 2017 Q3.","Andel äldre i befolkningen med tio eller fler läkemedel samtidigt. Avser personer 75 år och äldre. 2017 Q3."
734,,1,"Läkemedelsregistret, Socialstyrelsen","Andel äldre i befolkningen med tio eller fler läkemedel samtidigt. Avser personer 75 år och äldre. 2017 Q4.","Andel äldre i befolkningen med tio eller fler läkemedel samtidigt. Avser personer 75 år och äldre. 2017 Q4."
485,,2,"Läkemedelsregistret, Socialstyrelsen","Medelantal läkemedel hos äldre. Avser personer 75 år och äldre, 2016 Q3.","Medelantal läkemedel hos äldre. Avser personer 75 år och äldre, 2016 Q3."
495,,2,"Läkemedelsregistret, Socialstyrelsen","Medelantal läkemedel hos äldre. Avser personer 75 år och äldre, 2016 Q4.","Medelantal läkemedel hos äldre. Avser personer 75 år och äldre, 2016 Q4."
705,,2,"Läkemedelsregistret, Socialstyrelsen","Medelantal läkemedel hos äldre. Avser personer 75 år och äldre, 2017 Q1.","Medelantal läkemedel hos äldre. Avser personer 75 år och äldre, 2017 Q1."
715,,2,"Läkemedelsregistret, Socialstyrelsen","Medelantal läkemedel hos äldre. Avser personer 75 år och äldre, 2017 Q2.","Medelantal läkemedel hos äldre. Avser personer 75 år och äldre, 2017 Q2."
725,,2,"Läkemedelsregistret, Socialstyrelsen","Medelantal läkemedel hos äldre. Avser personer 75 år och äldre, 2017 Q3.","Medelantal läkemedel hos äldre. Avser personer 75 år och äldre, 2017 Q3."
735,,2,"Läkemedelsregistret, Socialstyrelsen","Medelantal läkemedel hos äldre. Avser personer 75 år och äldre, 2017 Q4.","Medelantal läkemedel hos äldre. Avser personer 75 år och äldre, 2017 Q4."
486,,2,"Läkemedelsregistret, Socialstyrelsen","Andel äldre i befolkningen med minst ett av fyra läkemedel som bör undvikas till äldre  (äldre version). Avser personer 75 år och äldre. 2016 Q3.","Andel äldre i befolkningen med minst ett av fyra läkemedel som bör undvikas till äldre. Avser personer 75 år och äldre. 2016 Q3."
496,,2,"Läkemedelsregistret, Socialstyrelsen","Andel äldre i befolkningen med minst ett av fyra läkemedel som bör undvikas till äldre  (äldre version). Avser personer 75 år och äldre. 2016 Q4.","Andel äldre i befolkningen med minst ett av fyra läkemedel som bör undvikas till äldre. Avser personer 75 år och äldre. 2016 Q4."
706,,2,"Läkemedelsregistret, Socialstyrelsen","Andel äldre i befolkningen med minst ett av fyra läkemedel som bör undvikas till äldre  (äldre version). Avser personer 75 år och äldre. 2017 Q1.","Andel äldre i befolkningen med minst ett av fyra läkemedel som bör undvikas till äldre. Avser personer 75 år och äldre. 2017 Q1."
716,,2,"Läkemedelsregistret, Socialstyrelsen","Andel äldre i befolkningen med minst ett av fyra läkemedel som bör undvikas till äldre  (äldre version). Avser personer 75 år och äldre. 2017 Q2.","Andel äldre i befolkningen med minst ett av fyra läkemedel som bör undvikas till äldre. Avser personer 75 år och äldre. 2017 Q2."
726,,2,"Läkemedelsregistret, Socialstyrelsen","Andel äldre i befolkningen med minst ett av fyra läkemedel som bör undvikas till äldre  (äldre version). Avser personer 75 år och äldre. 2017 Q3.","Andel äldre i befolkningen med minst ett av fyra läkemedel som bör undvikas till äldre. Avser personer 75 år och äldre. 2017 Q3."
736,,2,"Läkemedelsregistret, Socialstyrelsen","Andel äldre i befolkningen med minst ett av fyra läkemedel som bör undvikas till äldre  (äldre version). Avser personer 75 år och äldre. 2017 Q4.","Andel äldre i befolkningen med minst ett av fyra läkemedel som bör undvikas till äldre. Avser personer 75 år och äldre. 2017 Q4."
746,,2,"Läkemedelsregistret, Socialstyrelsen","Andel äldre i befolkningen med minst ett av fyra läkemedel som bör undvikas till äldre. Avser personer 75 år och äldre. 2018 Q1.","Andel äldre i befolkningen med minst ett av fyra läkemedel som bör undvikas till äldre. Avser personer 75 år och äldre. 2018 Q1."
756,,2,"Läkemedelsregistret, Socialstyrelsen","Andel äldre i befolkningen med minst ett av fyra läkemedel som bör undvikas till äldre. Avser personer 75 år och äldre. 2018 Q2.","Andel äldre i befolkningen med minst ett av fyra läkemedel som bör undvikas till äldre. Avser personer 75 år och äldre. 2018 Q2."
707,,2,"Läkemedelsregistret, Socialstyrelsen","Andel äldre i befolkningen som behandlas med NSAID. Avser personer 75 år och äldre. 2017 Q1.","Andel äldre i befolkningen som behandlas med NSAID. Avser personer 75 år och äldre. 2017 Q1."
717,,2,"Läkemedelsregistret, Socialstyrelsen","Andel äldre i befolkningen som behandlas med NSAID. Avser personer 75 år och äldre. 2017 Q2.","Andel äldre i befolkningen som behandlas med NSAID. Avser personer 75 år och äldre. 2017 Q2."
727,,2,"Läkemedelsregistret, Socialstyrelsen","Andel äldre i befolkningen som behandlas med NSAID. Avser personer 75 år och äldre. 2017 Q3.","Andel äldre i befolkningen som behandlas med NSAID. Avser personer 75 år och äldre. 2017 Q3."
737,,2,"Läkemedelsregistret, Socialstyrelsen","Andel äldre i befolkningen som behandlas med NSAID. Avser personer 75 år och äldre. 2017 Q4.","Andel äldre i befolkningen som behandlas med NSAID. Avser personer 75 år och äldre. 2017 Q4."
747,,2,"Läkemedelsregistret, Socialstyrelsen","Andel äldre i befolkningen som behandlas med NSAID. Avser personer 75 år och äldre. 2018 Q1.","Andel äldre i befolkningen som behandlas med NSAID. Avser personer 75 år och äldre. 2018 Q1."
757,,2,"Läkemedelsregistret, Socialstyrelsen","Andel äldre i befolkningen som behandlas med NSAID. Avser personer 75 år och äldre. 2018 Q2.","Andel äldre i befolkningen som behandlas med NSAID. Avser personer 75 år och äldre. 2018 Q2."
708,,2,"Läkemedelsregistret, Socialstyrelsen","Andel äldre som använder antipsykotika, Avser personer 75 år och äldre. 2017 Q1.","Andel äldre som använder antipsykotika, Avser personer 75 år och äldre. 2017 Q1. "
718,,2,"Läkemedelsregistret, Socialstyrelsen","Andel äldre som använder antipsykotika, Avser personer 75 år och äldre. 2017 Q2.","Andel äldre som använder antipsykotika, Avser personer 75 år och äldre. 2017 Q2. "
728,,2,"Läkemedelsregistret, Socialstyrelsen","Andel äldre som använder antipsykotika, Avser personer 75 år och äldre. 2017 Q3.","Andel äldre som använder antipsykotika, Avser personer 75 år och äldre. 2017 Q3. "
738,,2,"Läkemedelsregistret, Socialstyrelsen","Andel äldre som använder antipsykotika, Avser personer 75 år och äldre. 2017 Q4.","Andel äldre som använder antipsykotika, Avser personer 75 år och äldre. 2017 Q4. "
748,,2,"Läkemedelsregistret, Socialstyrelsen","Andel äldre som använder antipsykotika, Avser personer 75 år och äldre. 2018 Q1.","Andel äldre som använder antipsykotika, Avser personer 75 år och äldre. 2018 Q1. "
758,,2,"Läkemedelsregistret, Socialstyrelsen","Andel äldre som använder antipsykotika, Avser personer 75 år och äldre. 2018 Q2.","Andel äldre som använder antipsykotika, Avser personer 75 år och äldre. 2018 Q2. "
318,,1,"Läkemedelsregistret och Patientregistret, Socialstyrelsen","Behandling med antipsykotiska läkemedel vid schizofreni och schizofreniliknande tillstånd (efter 12-18 månader)","Andel personer som vårdats för schizofreni och schizofreniliknande tillstånd under och som 12 -18 månader senare behandlas med antipsykotiska läkemedel Åldersstandardiserade värden"
319,,1,"Läkemedelsregistret, Socialstyrelsen","Antibiotika förskrivet av tandläkare","Antal uthämtade recept per 1 000 invånare på antibiotika förskrivet av tandläkare"
320,,1,"Läkemedelsregistret och Patientregistret, Socialstyrelsen","Antikoagulantia vid förmaksflimmer och riskfaktor för stroke","Antikoagulantia vid förmaksflimmer och riskfaktor för stroke"
322,,0,"Riksstroke - Nationella kvalitetsregistret för stroke","Mediantid från ankomst till behandlingsstart trombolys","Mediantid från ankomst till behandlingsstart trombolys"
323,,0,"Svensk Reumatologis Kvalitetsregister","Biologiska läkemedel vid reumatoid artrit","***ANVÄND EJ! (använd ind 72 istället) Biologiska läkemedel vid reumatoid artrit"
324,,1,"Svensk Reumatologis Kvalitetsregister","Effekt vid behandlingsstart med  biologiskt läkemedel","Effekt vid behandlingsstart med  biologiskt läkemedel "
510,,0,"Nationell Patientenkät, Sveriges Kommuner och Landsting","Fråga om andra läkemedel vid besök i specialiserad somatisk öppenvård","Fråga om andra läkemedel vid besök i specialiserad somatisk öppenvård"
511,,0,"Nationell Patientenkät, Sveriges Kommuner och Landsting","Läkarens förklaring om läkemedel vid besök i specialiserad somatisk öppenvård","Läkarens förklaring om läkemedel vid besök i specialiserad somatisk öppenvård"
512,,0,"Nationell Patientenkät, Sveriges Kommuner och Landsting","Information om eventuell biverkning vid besök i specialiserad somatisk öppenvård","Information om eventuell biverkning vid besök i specialiserad somatisk öppenvård"
513,,0,"Nationell Patientenkät, Sveriges Kommuner och Landsting","Fråga om andra läkemedel vid besök i somatisk slutenvård","Fråga om andra läkemedel vid besök i somatisk slutenvård"
514,,0,"Nationell Patientenkät, Sveriges Kommuner och Landsting","Läkarens förklaring om läkemedel vid besök i somatisk slutenvård","Läkarens förklaring om läkemedel vid besök i somatisk slutenvård"
515,,0,"Nationell Patientenkät, Sveriges Kommuner och Landsting","Information om eventuell biverkning vid besök i somatisk slutenvård","Information om eventuell biverkning vid besök i somatisk slutenvård"
516,,1,"Läkemedelsregistret och Patientregistret, Socialstyrelsen","Basbehandling vid hjärtsvikt","Behandling med både RAAS-hämmare och betablockerare vid hjärtsvikt. Avser patienter som vårdats på sjukhus för hjärtsvikt vid minst ett tillfälle under en 5-årsperiod och som hämtat båda läkemedlen från apotek. Åldersstandardiserade värden"
517,,1,"Patientregistret och Läkemedelsregistret, Socialstyrelsen","Antikoagulantia vid förmaksflimmer efter stroke","Andel patienter med förmaksflimmer som sjukhusvårdats för stroke under och som 12-18 månader senare behandlats med antikoagulantia. Avser patienter 18-79 år. Åldersstandardiserade värden"
518,,1,"Patientregistret och Läkemedelsregistret, Socialstyrelsen","Blodfettssänkande behandling 12-18 månader efter stroke, 18-79 år","Andel patienter som vårdats för stroke under och som 12-18 månader senare behandlats med blodfettsänkande behandling. Avser personer 18-79 år. Åldersstandardiserade värden"
519,,1,"Patientregistret och Läkemedelsregistret, Socialstyrelsen","Blodfettssänkande behandling 12-18 månader efter stroke, 18 år och äldre","Andel patienter som vårdats för stroke under och som 12-18 månader senare behandlats med blodfettsänkande behandling. Avser personer 18 år och äldre. Åldersstandardiserade värden"
520,,1,"Patientregistret och Läkemedelsregistret, Socialstyrelsen","Blodfettssänkande behandling 12-18 månader efter stroke, 80 år och äldre","Andel patienter som vårdats för stroke under och som 12-18 månader senare behandlats med blodfettsänkande behandling. Avser personer 80 år och äldre. Åldersstandardiserade värden"
521,,1,"SWEDEHEART - SEPHIA","Reperfusionsbehandling vid stroke","Andel patienter med stroke som reperfusionsbehandlats under XXXXXXXXXXXXXX avser personer 0–80 år och 80 år och äldre"
522,,0,"Vårdbarometern, Sveriges Kommuner och Landsting","Tillgång till hälso- och sjukvård vid långvarig sjukdom","Tillgång till hälso- och sjukvård vid långvarig sjukdom"
523,,0,"Vårdbarometern, Sveriges Kommuner och Landsting","Förtroende för hälso- och sjukvården vid långvarig sjukdom","Förtroende för hälso- och sjukvården vid långvarig sjukdom"
524,,0,"Vårdbarometern, Sveriges Kommuner och Landsting","Förtroende för sjukhus vid långvarig sjukdom","Förtroende för sjukhus vid långvarig sjukdom"
525,,0,"Vårdbarometern, Sveriges Kommuner och Landsting","Förtroende för vårdcentraler vid långvarig sjukdom","Förtroende för vårdcentraler vid långvarig sjukdom"
526,,0,"Patientregistret, Socialstyrelsen","Påverkbar slutenvård vid hjärtsvikt, diabetes, astma eller KOL","Antal slutenvårdsperioder med diagnos för hjärtsvikt, diabetes, astma eller KOL per 100 000 invånare 20 år eller äldre. Åldersstandardiserade värden"
527,,0,"Patientregistret, Socialstyrelsen","Påverkbar slutenvård vid hjärtsvikt","Antal slutenvårdsperioder med diagnos för hjärtsvikt per 100 000 invånare 20 år eller äldre. Åldersstandardiserade värden"
528,,1,"Dödsorsaksregistret, Socialstyrelsen","Dödlighet i stroke","Dödsfall i stroke per 100 000 invånare 1–79 år. Åldersstandardiserade värden"
529,,1,"Patientregistret, Socialstyrelsen","Påverkbar slutenvård vid diabetes","Antal slutenvårdsperioder med diagnos för diabetes per 100 000 invånare 20 år eller äldre. Åldersstandardiserade värden"
530,,0,"Dödsorsaksregistret och Läkemedelsregistret, Socialstyrelsen","Dödlighet i hjärt-kärlsjukdom vid diabetes","Antal döda i hjärt- och kärlsjukdomar bland 100 000 personer som behandlas med diabetesläkemedel. Åldersstandardiserade värden"
532,,1,"Patientregistret, Socialstyrelsen","Påverkbar slutenvård vid astma","Antal slutenvårdsperioder med diagnos för astma per 100 000 invånare 20 år eller äldre. Åldersstandardiserade värden"
533,,1,"Dödsorsaksregistret, Socialstyrelsen","Åtgärdbar dödlighet i KOL","Dödsfall i KOL per 100 000 invånare 1–79 år. Åldersstandardiserade värden"
534,,0,"Patientregistret, Socialstyrelsen","Påverkbar slutenvård vid KOL","Antal slutenvårdsperioder med diagnos för KOL per 100 000 invånare 20 år eller äldre. Åldersstandardiserade värden"
535,,1,"Patientregistret, Socialstyrelsen","Återinskrivning i sluten vård vid KOL","Andel personer återinskrivna i slutenvård inom 30 dagar efter sluten vård med KOL-diagnos"
536,,0,"Patientregistret, Socialstyrelsen","Fallskador bland äldre","Antal personer som vårdats för fallskador i sluten vård eller vid läkarbesök i specialiserad öppen vård per 100 000 invånare 65 år och äldre. Åldersstandardiserade värden"
537,,1,"Svensk Reumatologis Kvalitetsregister","Patienter med RA som fått diagnos inom 20 veckor","Patienter med RA som fått diagnos inom 20 veckor"
538,,2,"Läkemedelsregistret, Socialstyrelsen","Behandling med antipsykosmedel bland äldre","Andel personer 65 år och äldre som behandlas med antipsykosläkemedel. Åldersstandardiserade värden"
539,,2,"Patientregistret och Dödsorsaksregistret, Socialstyrelsen","Överdödlighet för vuxna patienter med bipolär sjukdom","Dödlighet bland personer med bipolär sjukdom jämfört med dödligheten i befolkningen. Värdet 1,0 motsvarar befolkningens nivå och innebär att ingen överdödlighet finns. Avser personer 20 år eller äldre. Åldersstandardiserade värden"
540,,1,"Patientregistret och Dödsorsaksregistret, Socialstyrelsen","Återfallsförebyggande behandling vid bipolär sjukdom","Andel patienter 20-59 år med bipolär sjukdom som får återfallsförebyggande behandling med stämningsstabiliserande läkemedel efter manisk eller depressiv period. Åldersstandardiserade värden"
541,,2,"Patientregistret och Dödsorsaksregistret, Socialstyrelsen","Överdödlighet för vuxna patienter med schizofreni","Dödlighet bland personer med schizofreni jämfört med dödligheten i befolkningen. Värdet 1,0 motsvarar befolkningens nivå och innebär att ingen överdödlighet finns. Avser personer 20 år eller äldre. Åldersstandardiserade värden"
542,,1,"Patientregistret och Dödsorsaksregistret, Socialstyrelsen","Antipsykotisk läkemedelsbehandling vid schizofreni","Andel patienter med schizofreni som behandlas med antipsykotiska läkemedel 0–6 månader efter utskrivning från sjukhus. Åldersstandardiserade värden"
543,,1,"Medicinska födelseregistret, Socialstyrelsen","Fetma vid inskrivning till mödravård","Andel gravida kvinnor med fetma eller övervikt vid inskrivning i mödravård"
544,,1,"Tandhälsoregistret, Socialstyrelsen","Tandvårdsundersökning de senaste två åren","Antal personer per 100 invånare som fått en undersökning utförd någon gång under den senaste tvåårsperioden, vuxentandvård, åldersstandardiserade värden"
545,,1,"NDR - Nationella Diabetesregistret","Fysisk inaktivitet vid diabetes (alla diabetstyper)","Andel personer med diabetes som är fysiskt inaktiva, alla typer av diabetes 18 år eller äldre"
546,,1,"NDR - Nationella Diabetesregistret","Rökning vid diabetes (alla diabetestyper)","Andel personer med diabetes som röker, alla typer av diabetes 18 år eller äldre"
547,,2,"Graviditetsregistret","Extra Stöd till Förlossningsrädsla","Andel gravida kvinnor som fått extra stöd på grund av förlossningsrädsla, 2014"
548,,1,"Nationella bröstcancerregistret","Screeningupptäckta bröstcancerfall","Andel screeningupptäckta bröstcancerfall. Avser patienter 40-74 år vid diagnos."
549,,1,"Nationella bröstcancerregistret","Omoperation av bröstbevarande","Andel kvinnor som omoperaras efter bröstbevarande kirurgi"
550,,1,"Cancerregistret, Socialstyrelsen","Överlevnad vid prostatacancer","Överlevnad vid prostatacancer"
551,,1,"Väntetider i Vården, Sveriges Kommuner och Landsting","Startade utredningar och behandlingar inom 30 dagar - bup","Andel utredningar och behandlingar  som startats inom 30 dagar i barn- och ungdomspsykiatrin"
596,,1,"NDR - Nationella Diabetesregistret","Blodsockervärde, diabetes typ-2 (över 70 mmol/mol)","Andel personer som har diabetes typ 2 med HbA1c högre än 70 mmol/mol"
569,,0,"Hälsa på lika villkor, Folkhälsomyndigheten","Daglig rökning","Andel personer som uppgett att de röker dagligen, 16–84 år"
573,,1,"Nationell Patientenkät, Sveriges Kommuner och Landsting","","Andel patienter som upplevt sig delaktiga och involverade i sin vård vid besök i primärvården, andelen baseras på en på en sammanvägning av flera enkätfrågor"
568,,1,"Nationell Patientenkät, Sveriges Kommuner och Landsting","Delaktighet och involvering  (primärvård)","Andel patienter som upplevt sig delaktiga och involverade i sin vård vid besök vid primärvårdsmottagningn, andelen baseras på en sammanvägning av flera enkätfrågor"
565,,1,"Svenska Kolorektalcancerregistret","Deltagande i behandlingsstudier vid tjock- eller ändtarmscancer","Andel patienter som deltagit (inkluderats) i strukturerad behandlingsstudie för ändtarmscancer - eller tjocktarmscancer"
552,,1,"Patientregistret och Dödsorsaksregistret, Socialstyrelsen","Dödlighet efter stroke (inom 90 dagar)","Andel döda inom 90 dagar efter förstagångsstroke inklusive död utanför sjukhus. Åldersstandardiserade värden"
571,,1,"Cancerregistret, Socialstyrelsen","Femårsöverlevnad cancer – flera cancerformer","Relativ 5-årsöverlevnad vid cancersjukdom, samtliga tumörlägen utom bröst-, prostata- och annan hudcancer än malignt melanom. Avser patienter 30-89 år vid tiden för diagnos. Åldersstandardiserade värden"
567,,1,"Nationell Patientenkät, Sveriges Kommuner och Landsting","Kontinuitet och koordinering (primärvård)","Andel patienter som upplevt kontinuitet och koordinering i sin vård vid besök vid primärvårdsmottagning, andelen baseras på en sammanvägning av flera enkätfrågor"
572,,1,"Nationell Patientenkät, Sveriges Kommuner och Landsting","Kontinuitet och koordinering (akutmottagning)","Andel patienter som upplevt kontinuitet och koordinering i sin vård vid akutmottagning, andelen baseras på en sammanvägning av flera enkätfrågor"
566,,1,"Kvalitetsregistren och hälsodataregister, Socialstyrelsen","Rapportering till kvalitetsregister – fyra folksjukdomar","Medelvärde av täckningsgradsmätningar för fyra kvalitetsregister som berör stora folksjukdomar: Riks-Hia (ischemisk hjärtsjukdom), Riksstroke (cerebrovaskulär sjukdom), Rikshöft (osteoporos och höftfraktur) och Nationella diabetesregistret (diabetes)"
563,,1,"Sveriges Kommuner och Landsting","Sjukfrånvaro bland landstingsanställda","Andel sjukfrånvarotid av ordinarie arbetstid"
562,,0,"Folkhälsomyndigheten","Egenrapporterad tandhälsa","Andel som uppgivit att deras tandhälsa är bra eller mycket bra, 16–84 år"
561,,0,"Folkhälsomyndigheten","Självskattat allmänt hälsotillstånd","Andel som uppgivit att deras allmänna hälsotillstånd är bra eller mycket bra, 16–84 år"
597,,0,"Patientregistret, Socialstyrelsen","Påverkbar slutenvård, äldre personer","Antal personer med påverkbara slutenvårdstillfällen per 100 000 invånare, 65 år eller äldre"
582,,0,"Svenska Kolorektalcancerregistret","**Gammal variant** Väntetid från diagnos till behandling vid tjocktarmscancer","Väntetid i dagar från diagnos till start av behandling vid tjocktarmscancer "
591,,1,"Kommun och landstingsdatabasen, Rådet för kommunala analyser","Väntetid till särskilt boende","Medelväntetid i antal dagar från ansökningsdatum till erbjudet inflyttningsdatum till särskilt boende, medelvärde för kommunerna i länet/riket"
570,,1,"Sveriges Kommuner och Landsting","Överbeläggningar och utlokaliserade patienter","Överbeläggningar och utlokaliserade patienter per 100 disponibla vårdplatser i den slutna somatiska vården"
553,,0,"Sveriges Kommuner och Landsting och Statistiska centralbyrån","Landstingens hälso- och sjukvårdskostnad","Landstingens hälso- och sjukvårdskostnader per invånare. Primärvårdsansluten hemsjukvård och tandvård är exkluderade. Fasta priser"
555,,1,"Swedvasc, Nationella kvalitetsregistret för kärlkirurgi. Patientregistret och dödsorsaksregistret, Socialstyrelsen.","Allvarlig hjärt-kärlhändelse hos patienter med benartärsjukdom","Antal patienter/tidsperiod med invasivt behandlad benartärsjukdom (identifierade via Swedvascregistret) som drabbas av hjärtinfarkt, stroke eller död (AMI och stroke )"
556,,1,"Swedvasc, Nationella kvalitetsregistret för kärlkirurgi. Patientregistret, läkemedelsregistret, Socialstyrelsen","Läkemedelsterapi efter kärlkirurgiskt ingrepp för benartärsjukdom","Andel patienter med benartärsjukdom som får korrekt riskreducerade läkemedelsterapi för benartärsjukdom."
559,,1,"Patientregistret och Läkemedelsregistret, Socialstyrelsen","Monoterapi med kalcium och D-vitamin efter fragilitetsfraktur","Andel personer med monoterapi av kalcium och D-vitamin, utan samtidig behandling med benspecifika läkemedel, 6–12 månader efter förstagångsfragilitetsfraktur, personer 50 år eller äldre, procent."
564,,1,"Medicinska födelseregistret, Patientregistret","Gravida kvinnor med övervikt (BMI ≥ 25)","Andel gravida kvinnor med övervikt (BMI ≥ 25) vid inskrivning i mödrahälsovård. Åldersstandardiserade värden"
574,,1,"Sveriges Kommuner och Landsting","Utlokaliserade patienter","Antal utlokaliserade patienter per 100 disponibla vårdplatser i den slutna somatiska vården"
575,,1,"Senior Alert","Riskförebyggande åtgärder","Riskförebyggande åtgärder"
576,,1,"Medicinska födelseregistret, Patientregistret","Mödrar som återinlagts på vårdavdelning inom 30 dagar","Andel mödrar som återinlagts på vårdavdelning inom 30 dagar efter förlossningen för en diagnos inom ICD10: O00-O99. Avser sluten och ej planerad vård"
577,,2,"Medicinska födelseregistret, Patientregistret","Skador hos nyfödda barn","Antal levandefödda barn med födelsevikt över 2 000 gram och som har minst en av utvalda diagnoser upptäckta inom 7 dygn efter födelse. Åldersstandardiserade värden"
579,,1,"Sveriges Kommuner och Landsting","Andel med korrekta hygienrutiner och klädregler","Andel med korrekta hygienrutiner och klädregler"
580,,1,"Swedvasc - Svenska Kärlregistret och läkemedelregistret, Socialstyrelsen","Läkemedelsterapi efter kärlkirurgiskt ingrepp för benartärsjukdom","Läkemedelsterapi efter kärlkirurgiskt ingrepp för benartärsjukdom"
581,,1,"Svenska ICD- och pacemakerregistret och patientregistret, Socialstyrelsen","Komplikation efter pacemakerinsättning","Komplikation efter pacemakerinsättning"
583,,2,"NDR - Nationella Diabetesregistret","Riskmotorn, förhöjd 5-årsrisk för hjärtkärlsjukdom hos personer med diabetes typ 1","Riskmotorn, förhöjd 5-årsrisk för hjärtkärlsjukdom hos personer med diabetes typ 1"
584,,1,"NDR - Nationella Diabetesregistret","Riskmotorn, förhöjd 5-årsrisk för hjärtkärlsjukdom hos personer med diabetes typ 2","Riskmotorn, förhöjd 5-årsrisk för hjärtkärlsjukdom hos personer med diabetes typ 2"
585,,0,"Swedheart","Tid till angio vid NSTEMI – icke ST-höjningsinfarkt Median","Tid till angio vid NSTEMI – icke ST-höjningsinfarkt Median"
587,,1,"Swedheart","Koronarangio och PCI endast via handled","Koronarangio och PCI endast via handled "
588,,1,"Svenska Knäprotesregistret. Patientregistret, Socialstyrelsen","Oönskade händelser efter knäprotesoperation","Andel av oönskade händelser inom 30 dagar efter knäprotesoperation"
589,,1,"Svenska Höftprotesregistret. Patientregistret, Socialstyrelsen","Oönskade händelser efter höftprotesoperation","Oönskade händelser efter höftprotesoperation inom 90 dagar"
590,,1,"Sveriges Kommuner och Landsting","Trycksår i sluten vård (grad 1-4)","Andel patienter med minst ett trycksår kategori 1–4"
592,,1,"Markörbaserad journalgranskning, SKL","Vårdtillfällen med vårdskador inom somatisk slutenvård","Andel vårdtillfällen med vårdskador samt förändringen mellan två perioder för varje landsting.  Granskade vårdtillfällen inom somatisk slutenvård för vuxna. Standardisering för ålder och kirurgisk verksamhet"
593,,1,"Punktprevalensmätningar (PPM), SKL","Andel med korrekta hygienrutiner och klädregler","Följsamheten till basala hygienrutiner och klädregler hos hälso- och sjukvårdspersonal "
594,,1,"Patientregistret och Läkemedelsregistret, Socialstyrelsen, Svensk Reumatologis Kvalitetsregister","Biologiska läkemedel vid reumatoid artrit","Antal personer med reumatoid artrit som får biologiska läkemedel per 100 000 invånare. Avser personer 18 år eller äldre."
595,,1,"NDR - Nationella Diabetesregistret","Blodsockervärde, diabetes i primärvård (under 70 mmol/mol)","Andel personer med diabetes i primärvård (i huvudsak typ 2-diabetes) med HbA1c lägre än 70 mmol/mol"
599,,2,"Medicinska födelseregistret, Socialstyrelsen","Akut återinskrivning efter förlossning","Andel mödrar som återinskrivits på vårdavdelning inom 30 dagar efter förlossningen för en diagnos inom graviditet och förlossning. Avser ej planerad vård. Åldersstandardiserade värden"
600,,1,"Cancerregistret, Socialstyrelsen","Överlevnad vid prostatacancer (**EJ INDIKATOR!!**)","Relativ 5-årsöverlevnad vid prostatacancer. Avser patienter 30–89 år vid diagnos. Åldersstandardiserade värden"
501,,1,"Patientregistret, Socialstyrelsen","Tid till läkarbedömning vid akutbesök","Mediantid i minuter till första läkarbedömning vid besök på akutmottagning "
502,,1,"Läkemedelsregistret, Socialstyrelsen","Äldre med läkemedel som bör undvikas","Andel äldre i befolkningen med minst ett läkemedel som bör undvikas till äldre om inte särskilda skäl föreligger. Avser personer 75 år och äldre, 31 december"
503,,1,"Dödsorsaksregistret, Socialstyrelsen","Sjukvårdsrelaterad åtgärdbar dödlighet (EUROSTAT)","Sjukvårdsrelaterad åtgärdbar dödlighet enligt EUROSTAT:s urval för orsaker och åldrar (vanligen 0–74 år) – dödsfall per 100 000 invånare. Åldersstandardiserade värden enligt europeisk standardbefolkning"
601,,1,"Svenska Kolorektalcancerregistret","Väntetid från diagnos till behandling vid tjocktarmscancer","Andel patienter som väntat 28 dagar eller kortare från diagnos till behandlingsstart vid tjocktarmscancer"